date,gate_weight,cate,cate_group
2021-06-07,0.46156207,-0.9801206429408238,иҙҹ/йӣ¶CATE
2021-06-08,0.15689038,-4700002.213293787,иҙҹ/йӣ¶CATE
2021-06-09,0.2516219,0.6753604254314837,жӯЈCATE
2021-06-10,0.17751786,0.6465468546797069,жӯЈCATE
2021-06-11,0.2076158,-2199994.6294498313,иҙҹ/йӣ¶CATE
2021-06-15,0.47681543,1.0512417401885188,жӯЈCATE
2021-06-16,0.17197363,-5299998.530217613,иҙҹ/йӣ¶CATE
2021-06-17,0.28775108,-3099999.0974173737,иҙҹ/йӣ¶CATE
2021-06-18,0.22486484,-1000000.1039550564,иҙҹ/йӣ¶CATE
2021-06-21,0.26191676,3299998.91485964,жӯЈCATE
2021-06-22,0.9065258,-1099998.118759769,иҙҹ/йӣ¶CATE
2021-06-23,0.92060214,-599998.7030848293,иҙҹ/йӣ¶CATE
2021-06-24,0.35557514,-2199999.0020380686,иҙҹ/йӣ¶CATE
2021-06-25,0.51988614,-4399996.538767141,иҙҹ/йӣ¶CATE
2021-06-28,0.7973425,-2.263521566199758,иҙҹ/йӣ¶CATE
2021-06-29,0.8279641,700001.9316531132,жӯЈCATE
2021-06-30,0.30417693,-4299997.399833238,иҙҹ/йӣ¶CATE
2021-07-01,0.17608675,-17899996.587280646,иҙҹ/йӣ¶CATE
2021-07-02,0.8285669,-3099999.5613426096,иҙҹ/йӣ¶CATE
2021-07-05,0.53903735,-5299999.259185377,иҙҹ/йӣ¶CATE
2021-07-06,0.2701827,-85899980.4660455,иҙҹ/йӣ¶CATE
2021-07-07,0.26545116,-1599998.6133199204,иҙҹ/йӣ¶CATE
2021-07-08,0.2571565,-3200000.292239942,иҙҹ/йӣ¶CATE
2021-07-09,0.20073342,-999999.4580228729,иҙҹ/йӣ¶CATE
2021-07-12,0.48080125,-1800000.7062856937,иҙҹ/йӣ¶CATE
2021-07-13,0.46846464,-3099999.674001397,иҙҹ/йӣ¶CATE
2021-07-14,0.38688365,-9.235157541767533,иҙҹ/йӣ¶CATE
2021-07-15,0.46814558,-6899996.668737909,иҙҹ/йӣ¶CATE
2021-07-16,0.5921328,1199999.7814385733,жӯЈCATE
2021-07-19,0.2693644,-1500000.086151183,иҙҹ/йӣ¶CATE
2021-07-20,0.43224624,0.2585711138189383,жӯЈCATE
2021-07-21,0.48755273,-0.10201207896268441,иҙҹ/йӣ¶CATE
2021-07-22,0.47090027,-6400001.409870854,иҙҹ/йӣ¶CATE
2021-07-23,0.5366641,-3700001.3560101325,иҙҹ/йӣ¶CATE
2021-07-26,0.8761039,-3.6262648436566334,иҙҹ/йӣ¶CATE
2021-07-27,0.7426991,0.8893192402868589,жӯЈCATE
2021-07-28,0.64946413,-4100001.165858912,иҙҹ/йӣ¶CATE
2021-07-29,0.6613511,-2900004.5948983664,иҙҹ/йӣ¶CATE
2021-07-30,0.3477462,2600003.084759863,жӯЈCATE
2021-08-02,0.4243918,0.22047691126301888,жӯЈCATE
2021-08-03,0.50713634,3000000.142669904,жӯЈCATE
2021-08-04,0.28764573,0.4015588907598295,жӯЈCATE
2021-08-05,0.37426203,-0.030576805701652502,иҙҹ/йӣ¶CATE
2021-08-06,0.51472116,-3899996.2217301293,иҙҹ/йӣ¶CATE
2021-08-09,0.64195734,-3299997.9590339065,иҙҹ/йӣ¶CATE
2021-08-10,0.45027226,1.1259826754098043,жӯЈCATE
2021-08-11,0.5487601,-7400003.374321596,иҙҹ/йӣ¶CATE
2021-08-12,0.40336794,-7100000.2572892895,иҙҹ/йӣ¶CATE
2021-08-13,0.22237124,2600000.3905733437,жӯЈCATE
2021-08-16,0.3819887,4299996.181225807,жӯЈCATE
2021-08-17,0.43625593,7400000.212459204,жӯЈCATE
2021-08-18,0.3643728,-1899997.3419930777,иҙҹ/йӣ¶CATE
2021-08-19,0.6693101,2499999.954709676,жӯЈCATE
2021-08-20,0.62905747,-100001.31264415738,иҙҹ/йӣ¶CATE
2021-08-23,0.6630141,-599999.3993870976,иҙҹ/йӣ¶CATE
2021-08-24,0.6288906,-3200000.995789361,иҙҹ/йӣ¶CATE
2021-08-25,0.6625723,-1800000.293421313,иҙҹ/йӣ¶CATE
2021-08-26,0.56598014,5100005.587749174,жӯЈCATE
2021-08-27,0.83749324,-1699998.1450781063,иҙҹ/йӣ¶CATE
2021-08-30,0.7250934,21599997.723579645,жӯЈCATE
2021-08-31,0.86645406,117399973.75654677,жӯЈCATE
2021-09-01,0.9052884,7099998.4746662965,жӯЈCATE
2021-09-02,0.7438724,3600000.2286430867,жӯЈCATE
2021-09-03,0.87194204,1799998.6892917878,жӯЈCATE
2021-09-06,0.5329568,13799995.146743348,жӯЈCATE
2021-09-07,0.1740661,-1999998.1653688482,иҙҹ/йӣ¶CATE
2021-09-08,0.607069,-1499998.5814811063,иҙҹ/йӣ¶CATE
2021-09-09,0.1093755,14.454128189227015,жӯЈCATE
2021-09-10,0.1046124,9.639077434617002,жӯЈCATE
2021-09-13,0.634789,1.0000612580549944,жӯЈCATE
2021-09-14,0.11210952,-3799997.5932326275,иҙҹ/йӣ¶CATE
2021-09-15,0.4849637,2200001.757854757,жӯЈCATE
2021-09-16,0.11804258,1799998.784792681,жӯЈCATE
2021-09-17,0.12688397,-3799998.332383119,иҙҹ/йӣ¶CATE
2021-09-22,0.16883129,2299998.8007953535,жӯЈCATE
2021-09-23,0.9475905,-0.8230337444044865,иҙҹ/йӣ¶CATE
2021-09-24,0.9575563,-3799999.0655563897,иҙҹ/йӣ¶CATE
2021-09-27,0.45441106,2300000.0894068973,жӯЈCATE
2021-09-28,0.78884435,-14099965.956445513,иҙҹ/йӣ¶CATE
2021-09-29,0.63715905,-127299976.79757679,иҙҹ/йӣ¶CATE
2021-09-30,0.4952234,1500001.1707406107,жӯЈCATE
2021-10-08,0.68732923,-1599993.9408286887,иҙҹ/йӣ¶CATE
2021-10-11,0.64882934,-4499995.435051586,иҙҹ/йӣ¶CATE
2021-10-12,0.5116072,-0.5293887703624097,иҙҹ/йӣ¶CATE
2021-10-13,0.45964956,2600002.2828237507,жӯЈCATE
2021-10-14,0.3070058,1.752321177005131,жӯЈCATE
2021-10-15,0.2220861,0.2613054189564395,жӯЈCATE
2021-10-18,0.4289429,-2.4497949363855214,иҙҹ/йӣ¶CATE
2021-10-19,0.46074474,-0.2503106465172692,иҙҹ/йӣ¶CATE
2021-10-20,0.6116666,-0.5962226584307571,иҙҹ/йӣ¶CATE
2021-10-21,0.31008527,1499999.3645328744,жӯЈCATE
2021-10-22,0.6460966,-2.230312578446346,иҙҹ/йӣ¶CATE
2021-10-25,0.5343056,-1.1654694292647025,иҙҹ/йӣ¶CATE
2021-10-26,0.43647093,-2.6469968978008995,иҙҹ/йӣ¶CATE
2021-10-27,0.41734198,-1800001.199902673,иҙҹ/йӣ¶CATE
2021-10-28,0.40918946,8.455526853349275,жӯЈCATE
2021-10-29,0.35928813,1.1247453163602925,жӯЈCATE
2021-11-01,0.28796917,0.39950828211564,жӯЈCATE
2021-11-02,0.4920291,-7799998.789959023,иҙҹ/йӣ¶CATE
2021-11-03,0.15420046,7100002.5570602,жӯЈCATE
2021-11-04,0.1823449,-4299995.241995242,иҙҹ/йӣ¶CATE
2021-11-05,0.7046537,-600001.4448414946,иҙҹ/йӣ¶CATE
2021-11-08,0.19998334,2999995.808357352,жӯЈCATE
2021-11-09,0.23156352,-3400001.7439101087,иҙҹ/йӣ¶CATE
2021-11-10,0.19470355,-7599998.860303959,иҙҹ/йӣ¶CATE
2021-11-11,0.9261711,0.1716835290158929,жӯЈCATE
2021-11-12,0.6484397,-2599993.7243407033,иҙҹ/йӣ¶CATE
2021-11-15,0.20101613,-39599998.6716632,иҙҹ/йӣ¶CATE
2021-11-16,0.6246301,-2399999.022078298,иҙҹ/йӣ¶CATE
2021-11-17,0.7282272,3199999.904991282,жӯЈCATE
2021-11-18,0.3288919,3.0540229034663535,жӯЈCATE
2021-11-19,0.3630487,-2999992.7664780957,иҙҹ/йӣ¶CATE
2021-11-22,0.55436873,-1899996.1081658197,иҙҹ/йӣ¶CATE
2021-11-23,0.16243905,1299994.2813551535,жӯЈCATE
2021-11-24,0.17314453,-3200000.875742495,иҙҹ/йӣ¶CATE
2021-11-25,0.17148909,-3100001.877254951,иҙҹ/йӣ¶CATE
2021-11-26,0.13558109,-0.10703411291609871,иҙҹ/йӣ¶CATE
2021-11-29,0.8016715,-4500000.088740176,иҙҹ/йӣ¶CATE
2021-11-30,0.94441885,-5099999.2323131,иҙҹ/йӣ¶CATE
2021-12-01,0.9513862,-3099997.803489717,иҙҹ/йӣ¶CATE
2021-12-02,0.9417367,8300009.143458167,жӯЈCATE
2021-12-03,0.78477514,115999980.80193146,жӯЈCATE
2021-12-06,0.8581339,-900002.2590952761,иҙҹ/йӣ¶CATE
2021-12-07,0.73941284,-3300004.4425221696,иҙҹ/йӣ¶CATE
2021-12-08,0.53603745,-2400019.0649099145,иҙҹ/йӣ¶CATE
2021-12-09,0.31826407,-2199999.968778874,иҙҹ/йӣ¶CATE
2021-12-10,0.3638923,1799999.7080443946,жӯЈCATE
2021-12-13,0.3658068,-0.18418685593166637,иҙҹ/йӣ¶CATE
2021-12-14,0.6675028,4999992.759773448,жӯЈCATE
2021-12-15,0.7141625,-2099997.350128629,иҙҹ/йӣ¶CATE
2021-12-16,0.13484493,699998.9292520365,жӯЈCATE
2021-12-17,0.13424633,0.6873762719990297,жӯЈCATE
2021-12-20,0.1762244,-1500000.295785924,иҙҹ/йӣ¶CATE
2021-12-21,0.19798887,-1000000.5017785543,иҙҹ/йӣ¶CATE
2021-12-22,0.14100276,0.9458368749626396,жӯЈCATE
2021-12-23,0.1743849,-2300000.5113489935,иҙҹ/йӣ¶CATE
2021-12-24,0.8574497,2299995.9179886384,жӯЈCATE
2021-12-27,0.15080465,-6999998.539498396,иҙҹ/йӣ¶CATE
2021-12-28,0.79251486,-95999992.21231568,иҙҹ/йӣ¶CATE
2021-12-29,0.9479278,6799999.177309428,жӯЈCATE
2021-12-30,0.12089951,700000.759057208,жӯЈCATE
2021-12-31,0.9438371,-5300000.706623553,иҙҹ/йӣ¶CATE
2022-01-04,0.18128641,200001.7643441059,жӯЈCATE
2022-01-05,0.9197408,299992.9371029366,жӯЈCATE
2022-01-06,0.8756525,4800000.46251388,жӯЈCATE
2022-01-07,0.7742318,99599992.38300037,жӯЈCATE
2022-01-10,0.68454987,100599989.58859707,жӯЈCATE
2022-01-11,0.8183364,-181499978.32294202,иҙҹ/йӣ¶CATE
2022-01-12,0.7646759,-108599989.07442074,иҙҹ/йӣ¶CATE
2022-01-13,0.8471135,2999991.236308253,жӯЈCATE
2022-01-14,0.87050015,3500000.3657499594,жӯЈCATE
2022-01-17,0.73409647,-4199997.4553278,иҙҹ/йӣ¶CATE
2022-01-18,0.9028537,61899995.210451744,жӯЈCATE
2022-01-19,0.90023506,7599998.057007953,жӯЈCATE
2022-01-20,0.80247355,-2299998.294994854,иҙҹ/йӣ¶CATE
2022-01-21,0.47395784,4900005.524976686,жӯЈCATE
2022-01-24,0.6126821,-2199999.3599894713,иҙҹ/йӣ¶CATE
2022-01-25,0.39825752,7499999.461912439,жӯЈCATE
2022-01-26,0.6364886,-0.47399307218071174,иҙҹ/йӣ¶CATE
2022-01-27,0.27620295,0.4366552190631214,жӯЈCATE
2022-01-28,0.39718577,7100001.155607011,жӯЈCATE
2022-02-07,0.23755471,1.1918575715848696,жӯЈCATE
2022-02-08,0.75745136,-3099999.2711981176,иҙҹ/йӣ¶CATE
2022-02-09,0.61867994,-1500000.3996399378,иҙҹ/йӣ¶CATE
2022-02-10,0.40515813,0.33331130566807765,жӯЈCATE
2022-02-11,0.13841026,8.51966605063287,жӯЈCATE
2022-02-14,0.6122374,-0.933945764993597,иҙҹ/йӣ¶CATE
2022-02-15,0.5615447,1.8890729070824355,жӯЈCATE
2022-02-16,0.5229119,-1.8304331393199857,иҙҹ/йӣ¶CATE
2022-02-17,0.15216567,-0.9418832441047654,иҙҹ/йӣ¶CATE
2022-02-18,0.10572893,-199999.8885724687,иҙҹ/йӣ¶CATE
2022-02-21,0.11892273,-1500001.255716272,иҙҹ/йӣ¶CATE
2022-02-22,0.09805883,2000001.2287136852,жӯЈCATE
2022-02-23,0.12730545,-88700000.57501382,иҙҹ/йӣ¶CATE
2022-02-24,0.18735915,499998.7289329988,жӯЈCATE
2022-02-25,0.8122672,3499997.4868991463,жӯЈCATE
2022-02-28,0.15590297,10100005.124482492,жӯЈCATE
2022-03-01,0.1898555,-3899996.821920796,иҙҹ/йӣ¶CATE
2022-03-02,0.15437435,133399986.4252258,жӯЈCATE
2022-03-03,0.16359739,-1799999.948833903,иҙҹ/йӣ¶CATE
2022-03-04,0.15918517,-2100000.738942443,иҙҹ/йӣ¶CATE
2022-03-07,0.2135731,99999.83350208183,жӯЈCATE
2022-03-08,0.15424407,1399999.1704032393,жӯЈCATE
2022-03-09,0.16440982,-0.7715106525059124,иҙҹ/йӣ¶CATE
2022-03-10,0.11833506,699999.1643314422,жӯЈCATE
2022-03-11,0.16232601,1799999.9816128868,жӯЈCATE
2022-03-14,0.31850946,2299998.546641732,жӯЈCATE
2022-03-15,0.3971565,-0.0042948697258286175,иҙҹ/йӣ¶CATE
2022-03-16,0.79168206,2600000.4475873937,жӯЈCATE
2022-03-17,0.63158184,-0.0738611240381481,иҙҹ/йӣ¶CATE
2022-03-18,0.6225751,10300000.049195876,жӯЈCATE
2022-03-21,0.6112168,2599998.598901245,жӯЈCATE
2022-03-22,0.52213365,10099996.076637961,жӯЈCATE
2022-03-23,0.38155276,141799980.59600207,жӯЈCATE
2022-03-24,0.34831634,-2499997.1323113865,иҙҹ/йӣ¶CATE
2022-03-25,0.38223168,3299995.6406954373,жӯЈCATE
2022-03-28,0.73651034,-5700001.215603866,иҙҹ/йӣ¶CATE
2022-03-29,0.8962268,-2199996.386526152,иҙҹ/йӣ¶CATE
2022-03-30,0.9102251,3499998.337321693,жӯЈCATE
2022-03-31,0.7448565,16900002.858235355,жӯЈCATE
2022-04-01,0.6471552,2599999.985608699,жӯЈCATE
2022-04-06,0.6628945,399998.0346366474,жӯЈCATE
2022-04-07,0.5626795,0.4822390335975994,жӯЈCATE
2022-04-08,0.45705345,-3799999.2490261034,иҙҹ/йӣ¶CATE
2022-04-11,0.5623478,3.3150205056992403,жӯЈCATE
2022-04-12,0.6527852,-7.652650574967027,иҙҹ/йӣ¶CATE
2022-04-13,0.6240093,-7499997.330930853,иҙҹ/йӣ¶CATE
2022-04-14,0.42055628,-2699997.6700885044,иҙҹ/йӣ¶CATE
2022-04-15,0.11071286,0.5894378346923285,жӯЈCATE
2022-04-18,0.4576757,8500001.110480795,жӯЈCATE
2022-04-19,0.48724428,-0.6201976189383496,иҙҹ/йӣ¶CATE
2022-04-20,0.92507094,-0.2615992075884298,иҙҹ/йӣ¶CATE
2022-04-21,0.18105982,-0.7003617620485482,иҙҹ/йӣ¶CATE
2022-04-22,0.18944833,1499999.2451838,жӯЈCATE
2022-04-25,0.31450647,1699998.1818825037,жӯЈCATE
2022-04-26,0.70499355,-3.066682846552126,иҙҹ/йӣ¶CATE
2022-04-27,0.34264106,0.7090456112368344,жӯЈCATE
2022-04-28,0.29855856,3.291393969109815,жӯЈCATE
2022-04-29,0.44853398,-1.3773383292864505,иҙҹ/йӣ¶CATE
2022-05-05,0.24620508,4999999.94012061,жӯЈCATE
2022-05-06,0.33436605,2499999.512961371,жӯЈCATE
2022-05-09,0.44011474,0.7238931534236531,жӯЈCATE
2022-05-10,0.71510154,10799999.429472268,жӯЈCATE
2022-05-11,0.8272946,-6299999.344502721,иҙҹ/йӣ¶CATE
2022-05-12,0.24437808,0.00041024307069319253,жӯЈCATE
2022-05-13,0.18773416,-4.858530517455337,иҙҹ/йӣ¶CATE
2022-05-16,0.17885362,4.325404346518628,жӯЈCATE
2022-05-17,0.15468065,12000001.577857576,жӯЈCATE
2022-05-18,0.65869546,14600001.019968698,жӯЈCATE
2022-05-19,0.42493045,-1700011.5174897998,иҙҹ/йӣ¶CATE
2022-05-20,0.28682625,1499999.1376254295,жӯЈCATE
2022-05-23,0.61129725,-799999.7622874652,иҙҹ/йӣ¶CATE
2022-05-24,0.4513116,-2899999.558728763,иҙҹ/йӣ¶CATE
2022-05-25,0.5915586,7999999.20314991,жӯЈCATE
2022-05-26,0.39698952,-1799995.6048107725,иҙҹ/йӣ¶CATE
2022-05-27,0.5199214,-4400002.713028493,иҙҹ/йӣ¶CATE
2022-05-30,0.6303357,-1.1709000107510732,иҙҹ/йӣ¶CATE
2022-05-31,0.5296259,5599999.86902233,жӯЈCATE
2022-06-01,0.6952085,-99999.26954265416,иҙҹ/йӣ¶CATE
2022-06-02,0.47583038,-5200000.409433815,иҙҹ/йӣ¶CATE
2022-06-06,0.5820598,1499998.1216418997,жӯЈCATE
2022-06-07,0.69309217,-1200001.0750642512,иҙҹ/йӣ¶CATE
2022-06-08,0.6052548,-3699999.6586470543,иҙҹ/йӣ¶CATE
2022-06-09,0.60688406,-0.8806189591364308,иҙҹ/йӣ¶CATE
2022-06-10,0.5603994,-3699999.359168148,иҙҹ/йӣ¶CATE
2022-06-13,0.5715921,19400001.176276732,жӯЈCATE
2022-06-14,0.5130779,-1800003.4893352974,иҙҹ/йӣ¶CATE
2022-06-15,0.23715134,0.34945044203354414,жӯЈCATE
2022-06-16,0.58729583,1699999.361894764,жӯЈCATE
2022-06-17,0.70222825,-1499998.483348423,иҙҹ/йӣ¶CATE
2022-06-20,0.14191726,-1.8947519552467598,иҙҹ/йӣ¶CATE
2022-06-21,0.7077418,0.26125811954857775,жӯЈCATE
2022-06-22,0.7812953,3400001.981652971,жӯЈCATE
2022-06-23,0.43415555,1199999.7896438444,жӯЈCATE
2022-06-24,0.7418849,-1799996.7360344767,иҙҹ/йӣ¶CATE
2022-06-27,0.51410395,1200005.4343677596,жӯЈCATE
2022-06-28,0.56439215,8200003.380395212,жӯЈCATE
2022-06-29,0.16055903,-1799999.0106432107,иҙҹ/йӣ¶CATE
2022-06-30,0.48258838,500002.9763316795,жӯЈCATE
2022-07-01,0.33116046,2499998.270773258,жӯЈCATE
2022-07-04,0.47976047,-0.903266823589901,иҙҹ/йӣ¶CATE
2022-07-05,0.14238463,-1699999.8371848674,иҙҹ/йӣ¶CATE
2022-07-06,0.59386045,7499999.00753942,жӯЈCATE
2022-07-07,0.16958901,-1999998.8751276645,иҙҹ/йӣ¶CATE
2022-07-08,0.12962854,-499998.25999015226,иҙҹ/йӣ¶CATE
2022-07-11,0.13698828,-0.12383332275780282,иҙҹ/йӣ¶CATE
2022-07-12,0.11804292,-3.355781189534524,иҙҹ/йӣ¶CATE
2022-07-13,0.19336392,-1100000.746997847,иҙҹ/йӣ¶CATE
2022-07-14,0.28522742,3399999.3484473205,жӯЈCATE
2022-07-15,0.7061099,-999998.9815536629,иҙҹ/йӣ¶CATE
2022-07-18,0.18568346,-2599998.965767918,иҙҹ/йӣ¶CATE
2022-07-19,0.49855554,1.2347455327732182,жӯЈCATE
2022-07-20,0.52170104,1999998.5478359472,жӯЈCATE
2022-07-21,0.48890838,0.6251066703001025,жӯЈCATE
2022-07-22,0.43010572,-6799998.162434978,иҙҹ/йӣ¶CATE
2022-07-25,0.20426506,-3899999.240103488,иҙҹ/йӣ¶CATE
2022-07-26,0.20445071,6599996.522757913,жӯЈCATE
2022-07-27,0.5043708,500008.8662141258,жӯЈCATE
2022-07-28,0.20841527,-1.3418162139657794,иҙҹ/йӣ¶CATE
2022-07-29,0.29721427,-0.21435815343835785,иҙҹ/йӣ¶CATE
2022-08-01,0.3390484,2499999.1033340464,жӯЈCATE
2022-08-02,0.4735584,-0.30683436760723354,иҙҹ/йӣ¶CATE
2022-08-03,0.5938098,2400002.1385744764,жӯЈCATE
2022-08-04,0.20271496,2600000.3140766392,жӯЈCATE
2022-08-05,0.61148804,7399993.147476133,жӯЈCATE
2022-08-08,0.56936234,2499999.6976414113,жӯЈCATE
2022-08-09,0.5880478,0.013081768902241086,жӯЈCATE
2022-08-10,0.5330893,3000000.055827913,жӯЈCATE
2022-08-11,0.5756113,116999987.5963986,жӯЈCATE
2022-08-12,0.70110416,899994.2469954026,жӯЈCATE
2022-08-15,0.5406886,2600001.8298371253,жӯЈCATE
2022-08-16,0.5983996,-599988.7557867239,иҙҹ/йӣ¶CATE
2022-08-17,0.5681162,-1099996.7815088339,иҙҹ/йӣ¶CATE
2022-08-18,0.60782844,166399981.62549436,жӯЈCATE
2022-08-19,0.5109543,-129199986.87212223,иҙҹ/йӣ¶CATE
2022-08-22,0.55260456,8000009.420962798,жӯЈCATE
2022-08-23,0.5417152,5199998.616136173,жӯЈCATE
2022-08-24,0.59894156,4899999.2800763175,жӯЈCATE
2022-08-25,0.59689605,94499991.31103021,жӯЈCATE
2022-08-26,0.69158834,2500045.030148475,жӯЈCATE
2022-08-29,0.5777646,-34.18200785218946,иҙҹ/йӣ¶CATE
2022-08-30,0.5176337,-3399999.600691978,иҙҹ/йӣ¶CATE
2022-08-31,0.68783826,7499998.1404839745,жӯЈCATE
2022-09-01,0.57127124,-1999999.4541453847,иҙҹ/йӣ¶CATE
2022-09-02,0.6426571,2600000.104533173,жӯЈCATE
2022-09-05,0.6563486,-2099999.5071530114,иҙҹ/йӣ¶CATE
2022-09-06,0.42265156,-1999999.74924891,иҙҹ/йӣ¶CATE
2022-09-07,0.599294,899996.3524826898,жӯЈCATE
2022-09-08,0.7292465,2500001.84826181,жӯЈCATE
2022-09-09,0.35177433,-1.1630648941506636,иҙҹ/йӣ¶CATE
2022-09-13,0.5788596,2999997.2617357727,жӯЈCATE
2022-09-14,0.50280076,-3599998.0029899236,иҙҹ/йӣ¶CATE
2022-09-15,0.5395878,1700001.277895838,жӯЈCATE
2022-09-16,0.5175482,800001.2106286578,жӯЈCATE
2022-09-19,0.55208486,1999998.6507657645,жӯЈCATE
2022-09-20,0.20368384,2500001.079403592,жӯЈCATE
2022-09-21,0.51896125,-700001.4871354807,иҙҹ/йӣ¶CATE
2022-09-22,0.32654408,-1699992.9535233928,иҙҹ/йӣ¶CATE
2022-09-23,0.15760604,-2100001.2108645677,иҙҹ/йӣ¶CATE
2022-09-26,0.29676712,-1.5872951556929331,иҙҹ/йӣ¶CATE
2022-09-27,0.29994,-499999.6330613364,иҙҹ/йӣ¶CATE
2022-09-28,0.5132991,-0.134304752260119,иҙҹ/йӣ¶CATE
2022-09-29,0.44828248,2300002.8212706954,жӯЈCATE
2022-09-30,0.15660894,-106299985.85555948,иҙҹ/йӣ¶CATE
2022-10-10,0.44385082,3199999.8063079114,жӯЈCATE
2022-10-11,0.158933,0.404905476089397,жӯЈCATE
2022-10-12,0.33927533,2600000.4366516178,жӯЈCATE
2022-10-13,0.18957825,0.001192020150731187,жӯЈCATE
2022-10-14,0.42769265,1499999.7410687867,жӯЈCATE
2022-10-17,0.5590349,-2699999.3273622077,иҙҹ/йӣ¶CATE
2022-10-18,0.36996135,-2000000.2193021018,иҙҹ/йӣ¶CATE
2022-10-19,0.47024488,5000000.634559319,жӯЈCATE
2022-10-20,0.56212085,-0.8361459168398548,иҙҹ/йӣ¶CATE
2022-10-21,0.5268667,0.24654766154937668,жӯЈCATE
2022-10-24,0.37192386,9099999.594034337,жӯЈCATE
2022-10-25,0.4354046,-10399999.261453703,иҙҹ/йӣ¶CATE
2022-10-26,0.60047,-2599999.37639612,иҙҹ/йӣ¶CATE
2022-10-27,0.58559036,-0.07502890335583282,иҙҹ/йӣ¶CATE
2022-10-28,0.54280674,0.38273666147932467,жӯЈCATE
2022-10-31,0.60145766,2599999.9622293254,жӯЈCATE
2022-11-01,0.49139598,6000001.304711376,жӯЈCATE
2022-11-02,0.65253526,5500005.20362203,жӯЈCATE
2022-11-03,0.57332575,-599996.4888977091,иҙҹ/йӣ¶CATE
2022-11-04,0.5329662,8700007.39980648,жӯЈCATE
2022-11-07,0.65406275,9800014.146004414,жӯЈCATE
2022-11-08,0.55933654,5099998.637203997,жӯЈCATE
2022-11-09,0.5419128,-4899999.100505398,иҙҹ/йӣ¶CATE
2022-11-10,0.57574046,-3799995.51146353,иҙҹ/йӣ¶CATE
2022-11-11,0.59033316,4099998.398015361,жӯЈCATE
2022-11-14,0.65268725,2599996.5310289813,жӯЈCATE
2022-11-15,0.65667063,-2100002.915173012,иҙҹ/йӣ¶CATE
2022-11-16,0.49353775,2700006.1674505193,жӯЈCATE
2022-11-17,0.37442073,4299999.037615014,жӯЈCATE
2022-11-18,0.5498829,0.5477074829389388,жӯЈCATE
2022-11-21,0.40679878,4800003.199121877,жӯЈCATE
2022-11-22,0.47121242,-1.4017054892262097,иҙҹ/йӣ¶CATE
2022-11-23,0.55125153,-1.1466220671098126,иҙҹ/йӣ¶CATE
2022-11-24,0.5199348,-1.3654043531297568,иҙҹ/йӣ¶CATE
2022-11-25,0.53520566,6300002.8799932115,жӯЈCATE
2022-11-28,0.62564856,2300000.7807794646,жӯЈCATE
2022-11-29,0.71061367,-2.025669910163298,иҙҹ/йӣ¶CATE
2022-11-30,0.64052474,-14.818790606924837,иҙҹ/йӣ¶CATE
2022-12-01,0.6126572,-13.985015120517906,иҙҹ/йӣ¶CATE
2022-12-02,0.5511725,5000000.326013228,жӯЈCATE
2022-12-05,0.48144263,1899997.3536807036,жӯЈCATE
2022-12-06,0.62848765,6.811544109877942,жӯЈCATE
2022-12-07,0.5666137,-4299998.382826478,иҙҹ/йӣ¶CATE
2022-12-08,0.47880673,-6399996.558577698,иҙҹ/йӣ¶CATE
2022-12-09,0.6258898,-4800004.520813268,иҙҹ/йӣ¶CATE
2022-12-12,0.6967536,-2.4794060637906625,иҙҹ/йӣ¶CATE
2022-12-13,0.5618698,-1400028.065035295,иҙҹ/йӣ¶CATE
2022-12-14,0.59809613,-44100045.17072452,иҙҹ/йӣ¶CATE
2022-12-15,0.6664898,100000.48661823936,жӯЈCATE
2022-12-16,0.5410049,-10100000.722474398,иҙҹ/йӣ¶CATE
2022-12-19,0.6751725,1799999.4799464608,жӯЈCATE
2022-12-20,0.5787607,-999999.1914247891,иҙҹ/йӣ¶CATE
2022-12-21,0.5777501,-8100008.120311379,иҙҹ/йӣ¶CATE
2022-12-22,0.5594504,-600000.617042423,иҙҹ/йӣ¶CATE
2022-12-23,0.60447055,-0.23444314894721308,иҙҹ/йӣ¶CATE
2022-12-26,0.5652617,-1.2163881056959691,иҙҹ/йӣ¶CATE
2022-12-27,0.56676054,-6500002.75255028,иҙҹ/йӣ¶CATE
2022-12-28,0.6718874,2400003.0216377154,жӯЈCATE
2022-12-29,0.6557365,2200000.309235266,жӯЈCATE
2022-12-30,0.6315316,1700001.931610698,жӯЈCATE
2023-01-03,0.62970316,2400003.5837270534,жӯЈCATE
2023-01-04,0.55940753,10900008.525538351,жӯЈCATE
2023-01-05,0.64772505,-9500004.625297135,иҙҹ/йӣ¶CATE
2023-01-06,0.6363734,0.10985149404135511,жӯЈCATE
2023-01-09,0.62917244,-174400169.8942214,иҙҹ/йӣ¶CATE
2023-01-10,0.6929298,-9000003.315819662,иҙҹ/йӣ¶CATE
2023-01-11,0.65956926,-1799996.6126817868,иҙҹ/йӣ¶CATE
2023-01-12,0.6489337,-4199988.92828309,иҙҹ/йӣ¶CATE
2023-01-13,0.60145116,-2100003.632870935,иҙҹ/йӣ¶CATE
2023-01-16,0.62669593,2400001.67263184,жӯЈCATE
2023-01-17,0.579773,-2700002.593287059,иҙҹ/йӣ¶CATE
2023-01-18,0.5197326,-2.2991194446421646,иҙҹ/йӣ¶CATE
2023-01-19,0.68209213,-2400003.734414182,иҙҹ/йӣ¶CATE
2023-01-20,0.46486768,-2100004.7130380385,иҙҹ/йӣ¶CATE
2023-01-30,0.3899451,9600009.474041235,жӯЈCATE
2023-01-31,0.47651953,-1000005.3051179899,иҙҹ/йӣ¶CATE
2023-02-01,0.47802758,-1.9766532791878992,иҙҹ/йӣ¶CATE
2023-02-02,0.24660733,1.927526462750183,жӯЈCATE
2023-02-03,0.46717873,-1799998.2914691942,иҙҹ/йӣ¶CATE
2023-02-06,0.6295565,-1000009.0070011658,иҙҹ/йӣ¶CATE
2023-02-07,0.10199997,-2999995.155376679,иҙҹ/йӣ¶CATE
2023-02-08,0.17017521,-999998.9712324014,иҙҹ/йӣ¶CATE
2023-02-09,0.40085053,1599999.6146889348,жӯЈCATE
2023-02-10,0.67370784,-2000003.556365993,иҙҹ/йӣ¶CATE
2023-02-13,0.47577944,-700002.6522990902,иҙҹ/йӣ¶CATE
2023-02-14,0.7856342,-8299998.841733141,иҙҹ/йӣ¶CATE
2023-02-15,0.7710904,1.62656446189861,жӯЈCATE
2023-02-16,0.2565738,-7.404992333041446,иҙҹ/йӣ¶CATE
2023-02-17,0.434347,-2200000.3051930764,иҙҹ/йӣ¶CATE
2023-02-20,0.452068,2899998.7838580976,жӯЈCATE
2023-02-21,0.7399024,-999997.7003127466,иҙҹ/йӣ¶CATE
2023-02-22,0.50725406,2200002.3499678248,жӯЈCATE
2023-02-23,0.574175,2199997.0412968392,жӯЈCATE
2023-02-24,0.51486623,-1499999.1801930817,иҙҹ/йӣ¶CATE
2023-02-27,0.84462357,3.269472985484244,жӯЈCATE
2023-02-28,0.16930383,12.694605175407707,жӯЈCATE
2023-03-01,0.3302128,1299986.920383627,жӯЈCATE
2023-03-02,0.5955911,2500008.9959140355,жӯЈCATE
2023-03-03,0.34219205,-2099998.6278925217,иҙҹ/йӣ¶CATE
2023-03-06,0.37578338,2199996.3413457526,жӯЈCATE
2023-03-07,0.36502495,-1.3925763799677653,иҙҹ/йӣ¶CATE
2023-03-08,0.40961722,13599998.874402542,жӯЈCATE
2023-03-09,0.5675562,-0.1703303239720369,иҙҹ/йӣ¶CATE
2023-03-10,0.36932027,2599998.889328993,жӯЈCATE
2023-03-13,0.29558828,799998.9782581868,жӯЈCATE
2023-03-14,0.2844829,1000000.7181122116,жӯЈCATE
2023-03-15,0.31821907,-0.864438558032265,иҙҹ/йӣ¶CATE
2023-03-16,0.32226685,-0.7590125335253772,иҙҹ/йӣ¶CATE
2023-03-17,0.4175291,0.011059606746677607,жӯЈCATE
2023-03-20,0.19666064,0.19618523648558486,жӯЈCATE
2023-03-21,0.3706044,0.044590849115389845,жӯЈCATE
2023-03-22,0.40856543,-3299999.420005916,иҙҹ/йӣ¶CATE
2023-03-23,0.46160066,-4399995.025462261,иҙҹ/йӣ¶CATE
2023-03-24,0.6480548,1199998.6602949942,жӯЈCATE
2023-03-27,0.60265964,-2200000.1116630975,иҙҹ/йӣ¶CATE
2023-03-28,0.6575843,-1200001.8365693511,иҙҹ/йӣ¶CATE
2023-03-29,0.61544365,1900003.173854311,жӯЈCATE
2023-03-30,0.72226334,1300008.0954988196,жӯЈCATE
2023-03-31,0.71072274,13000004.395072792,жӯЈCATE
2023-04-03,0.49787357,-2099987.9476173124,иҙҹ/йӣ¶CATE
2023-04-04,0.6613455,-7799999.92223466,иҙҹ/йӣ¶CATE
2023-04-06,0.6225859,-10799999.875739466,иҙҹ/йӣ¶CATE
2023-04-07,0.5835313,-1.6307877658606358,иҙҹ/йӣ¶CATE
2023-04-10,0.7427024,-6400004.335479614,иҙҹ/йӣ¶CATE
2023-04-11,0.68995243,-1800001.8990095835,иҙҹ/йӣ¶CATE
2023-04-12,0.39915535,1.6666222710501137,жӯЈCATE
2023-04-13,0.6258247,599997.1328020262,жӯЈCATE
2023-04-14,0.39016965,-4300006.571229078,иҙҹ/йӣ¶CATE
2023-04-17,0.42290404,-499997.99025230296,иҙҹ/йӣ¶CATE
2023-04-18,0.517186,10200010.10355036,жӯЈCATE
2023-04-19,0.4432208,3400004.5214141966,жӯЈCATE
2023-04-20,0.669806,-8299999.821659405,иҙҹ/йӣ¶CATE
2023-04-21,0.6375174,-122399997.0072311,иҙҹ/йӣ¶CATE
2023-04-24,0.7371592,-200000.2603439932,иҙҹ/йӣ¶CATE
2023-04-25,0.4017297,3.126147404514711,жӯЈCATE
2023-04-26,0.7193814,-1799999.771503358,иҙҹ/йӣ¶CATE
2023-04-27,0.6478339,1.885124172540625,жӯЈCATE
2023-04-28,0.6495148,-2199997.530395894,иҙҹ/йӣ¶CATE
2023-05-04,0.5743378,-5300001.583346788,иҙҹ/йӣ¶CATE
2023-05-05,0.39656633,899999.0294645679,жӯЈCATE
2023-05-08,0.4233984,1099998.2306027627,жӯЈCATE
2023-05-09,0.49000493,7499999.058401601,жӯЈCATE
2023-05-10,0.3836938,165099981.5129155,жӯЈCATE
2023-05-11,0.5158727,1500006.1848722054,жӯЈCATE
2023-05-12,0.5920697,10.29262801332523,жӯЈCATE
2023-05-15,0.24485901,-5.135075478942546,иҙҹ/йӣ¶CATE
2023-05-16,0.36598206,-3799998.5329464227,иҙҹ/йӣ¶CATE
2023-05-17,0.25053653,-7600007.008327258,иҙҹ/йӣ¶CATE
2023-05-18,0.25861132,-1.2371071772147502,иҙҹ/йӣ¶CATE
2023-05-19,0.23409921,-0.543395616735998,иҙҹ/йӣ¶CATE
2023-05-22,0.23985991,-800001.2897269377,иҙҹ/йӣ¶CATE
2023-05-23,0.37221125,2299997.824458077,жӯЈCATE
2023-05-24,0.21241906,6899997.532998413,жӯЈCATE
2023-05-25,0.37060764,4599999.764862783,жӯЈCATE
2023-05-26,0.60436445,-1100000.5170529939,иҙҹ/йӣ¶CATE
2023-05-29,0.2994345,2299996.902805541,жӯЈCATE
2023-05-30,0.32020262,-1800001.6624156681,иҙҹ/йӣ¶CATE
2023-05-31,0.36974132,2300000.2364150956,жӯЈCATE
2023-06-01,0.39428148,2300001.013833802,жӯЈCATE
2023-06-02,0.39856806,10700001.969864314,жӯЈCATE
2023-06-05,0.67080426,1300010.5880172793,жӯЈCATE
2023-06-06,0.4966391,2500008.479705148,жӯЈCATE
2023-06-07,0.51731277,1799990.853374937,жӯЈCATE
2023-06-08,0.5047965,-699999.318540124,иҙҹ/йӣ¶CATE
2023-06-09,0.5974483,-3999997.671590909,иҙҹ/йӣ¶CATE
2023-06-12,0.52440286,0.02112933540867767,жӯЈCATE
2023-06-13,0.5322414,-1799997.6984259486,иҙҹ/йӣ¶CATE
2023-06-14,0.66545343,-3.1288543834839286,иҙҹ/йӣ¶CATE
2023-06-15,0.5311565,-2200000.941351186,иҙҹ/йӣ¶CATE
2023-06-16,0.51044613,-2599998.6965948753,иҙҹ/йӣ¶CATE
2023-06-19,0.47211906,0.9951359209391861,жӯЈCATE
2023-06-20,0.49724603,-4799987.494750858,иҙҹ/йӣ¶CATE
2023-06-21,0.4937007,4800007.523131946,жӯЈCATE
2023-06-26,0.41850868,2600002.3203059006,жӯЈCATE
2023-06-27,0.2832291,-16000009.527393704,иҙҹ/йӣ¶CATE
2023-06-28,0.49683973,-115199984.73614128,иҙҹ/йӣ¶CATE
2023-06-29,0.54493874,-6399997.072315854,иҙҹ/йӣ¶CATE
2023-06-30,0.48599645,-1599996.386224307,иҙҹ/йӣ¶CATE
2023-07-03,0.3739304,-1599999.7398171432,иҙҹ/йӣ¶CATE
2023-07-04,0.50890726,-1700000.4416274368,иҙҹ/йӣ¶CATE
2023-07-05,0.49454764,899998.7462822823,жӯЈCATE
2023-07-06,0.42378718,0.9575537603291926,жӯЈCATE
2023-07-07,0.4152888,2199998.932754383,жӯЈCATE
2023-07-10,0.5084016,-4199999.924785263,иҙҹ/йӣ¶CATE
2023-07-11,0.34476998,-7899998.142167915,иҙҹ/йӣ¶CATE
2023-07-12,0.5872802,-3199999.480979651,иҙҹ/йӣ¶CATE
2023-07-13,0.50843555,0.7685428486555,жӯЈCATE
2023-07-14,0.63467026,-0.7428170266324667,иҙҹ/йӣ¶CATE
2023-07-17,0.6952335,1300012.5395393148,жӯЈCATE
2023-07-18,0.7692273,-0.3106461952319637,иҙҹ/йӣ¶CATE
2023-07-19,0.6406589,-4999995.39524062,иҙҹ/йӣ¶CATE
2023-07-20,0.62049556,-3800001.45137353,иҙҹ/йӣ¶CATE
2023-07-21,0.51147693,-5099996.390982877,иҙҹ/йӣ¶CATE
2023-07-24,0.43993956,-3000002.0509851114,иҙҹ/йӣ¶CATE
2023-07-25,0.53332084,1499999.5362496655,жӯЈCATE
2023-07-26,0.6214559,-1.1430825419889397,иҙҹ/йӣ¶CATE
2023-07-27,0.57234114,0.6168483728612278,жӯЈCATE
2023-07-28,0.47380978,2400001.1797365886,жӯЈCATE
2023-07-31,0.44322306,7500008.227846457,жӯЈCATE
2023-08-01,0.40896544,-15300010.337092632,иҙҹ/йӣ¶CATE
2023-08-02,0.49357846,2.285322004437104,жӯЈCATE
2023-08-03,0.47403657,3699998.652730388,жӯЈCATE
2023-08-04,0.5011567,-5.419168734292286,иҙҹ/йӣ¶CATE
2023-08-07,0.35774884,-2.43337488497089,иҙҹ/йӣ¶CATE
2023-08-08,0.4820751,0.2912288523317147,жӯЈCATE
2023-08-09,0.37062967,-999999.5120390642,иҙҹ/йӣ¶CATE
2023-08-10,0.24732514,-5699998.473468415,иҙҹ/йӣ¶CATE
2023-08-11,0.24017562,-4299999.581671603,иҙҹ/йӣ¶CATE
2023-08-14,0.15973467,-11199998.530155601,иҙҹ/йӣ¶CATE
2023-08-15,0.53806186,-57199993.815942585,иҙҹ/йӣ¶CATE
2023-08-16,0.63738483,1599998.1109569108,жӯЈCATE
2023-08-17,0.6148474,-8899997.934042143,иҙҹ/йӣ¶CATE
2023-08-18,0.76950103,-4800002.872677649,иҙҹ/йӣ¶CATE
2023-08-21,0.15644893,-15599998.694327263,иҙҹ/йӣ¶CATE
2023-08-22,0.2936275,-145699987.6987023,иҙҹ/йӣ¶CATE
2023-08-23,0.68549925,-15899997.347422237,иҙҹ/йӣ¶CATE
2023-08-24,0.30579105,-13399998.717076495,иҙҹ/йӣ¶CATE
2023-08-25,0.46848875,-3500001.340922849,иҙҹ/йӣ¶CATE
2023-08-28,0.5966262,700003.3887374509,жӯЈCATE
2023-08-29,0.42378902,3900002.1456747777,жӯЈCATE
2023-08-30,0.6665018,5000027.69423169,жӯЈCATE
2023-08-31,0.6768323,10699970.279398223,жӯЈCATE
2023-09-01,0.71349514,2.4220148516115767,жӯЈCATE
2023-09-04,0.6219176,-1.0455298352241067,иҙҹ/йӣ¶CATE
2023-09-05,0.6738576,1.9356986625780073,жӯЈCATE
2023-09-06,0.5423639,0.11025486801580353,жӯЈCATE
2023-09-07,0.49858975,0.45907664540157433,жӯЈCATE
2023-09-08,0.45798746,0.0615730627718514,жӯЈCATE
2023-09-11,0.39076927,-499999.87187427125,иҙҹ/йӣ¶CATE
2023-09-12,0.6214188,0.36361831950093715,жӯЈCATE
2023-09-13,0.42109662,-11200002.504002169,иҙҹ/йӣ¶CATE
2023-09-14,0.45836434,-4499998.661191917,иҙҹ/йӣ¶CATE
2023-09-15,0.68109363,-5.8526942042986505,иҙҹ/йӣ¶CATE
2023-09-18,0.4981355,2.216947444289362,жӯЈCATE
2023-09-19,0.6079975,5.799500291822329,жӯЈCATE
2023-09-20,0.64077926,-2700004.9633009923,иҙҹ/йӣ¶CATE
2023-09-21,0.56310815,-5999997.507576726,иҙҹ/йӣ¶CATE
2023-09-22,0.59162116,0.9476808706264603,жӯЈCATE
2023-09-25,0.71757853,1.4249848960096672,жӯЈCATE
2023-09-26,0.6013896,900000.948320268,жӯЈCATE
2023-09-27,0.5349072,-1299999.4690979212,иҙҹ/йӣ¶CATE
2023-09-28,0.54155296,-12799994.650871694,иҙҹ/йӣ¶CATE
2023-10-09,0.59320414,-7399997.998568725,иҙҹ/йӣ¶CATE
2023-10-10,0.89805615,-3900002.5938868956,иҙҹ/йӣ¶CATE
2023-10-11,0.6994514,-5299998.8553689625,иҙҹ/йӣ¶CATE
2023-10-12,0.77983046,-2599997.750891003,иҙҹ/йӣ¶CATE
2023-10-13,0.8201905,-4400002.029507915,иҙҹ/йӣ¶CATE
2023-10-16,0.7013859,2199999.144380785,жӯЈCATE
2023-10-17,0.52291507,-2999994.561592521,иҙҹ/йӣ¶CATE
2023-10-18,0.8879356,-1000002.1177916245,иҙҹ/йӣ¶CATE
2023-10-19,0.6324251,1499999.3493633235,жӯЈCATE
2023-10-20,0.52635103,-2099998.5265498925,иҙҹ/йӣ¶CATE
2023-10-23,0.83353686,-1699999.449113615,иҙҹ/йӣ¶CATE
2023-10-24,0.3180655,-2999999.8078238503,иҙҹ/йӣ¶CATE
2023-10-25,0.66245604,-799999.7198681205,иҙҹ/йӣ¶CATE
2023-10-26,0.48962277,2.2855096200114926,жӯЈCATE
2023-10-27,0.42051554,-1.1793640770612301,иҙҹ/йӣ¶CATE
2023-10-30,0.558053,899998.6929908913,жӯЈCATE
2023-10-31,0.7115431,0.959420297009175,жӯЈCATE
2023-11-01,0.52418464,-1599999.2011269934,иҙҹ/йӣ¶CATE
2023-11-02,0.4507543,-10800001.914895942,иҙҹ/йӣ¶CATE
2023-11-03,0.60028404,-0.8926137362840076,иҙҹ/йӣ¶CATE
2023-11-06,0.6370201,9.973750579419299,жӯЈCATE
2023-11-07,0.558742,-1599986.3723345078,иҙҹ/йӣ¶CATE
2023-11-08,0.53220266,2600002.5018964903,жӯЈCATE
2023-11-09,0.5503208,-1599998.3647971272,иҙҹ/йӣ¶CATE
2023-11-10,0.5911803,3399999.8876513205,жӯЈCATE
2023-11-13,0.49885416,2299998.6840691725,жӯЈCATE
2023-11-14,0.436021,2400000.031700484,жӯЈCATE
2023-11-15,0.69602,6100000.290739882,жӯЈCATE
2023-11-16,0.6448024,1300008.2951413495,жӯЈCATE
2023-11-17,0.6013913,-1599994.2885951535,иҙҹ/йӣ¶CATE
2023-11-20,0.52504116,1600002.5158846995,жӯЈCATE
2023-11-21,0.580426,26.511875181112636,жӯЈCATE
2023-11-22,0.48238653,2200001.7385516227,жӯЈCATE
2023-11-23,0.51071995,-0.05519887932911671,иҙҹ/йӣ¶CATE
2023-11-24,0.51463085,0.526236576858434,жӯЈCATE
2023-11-27,0.47031438,1.866518015403313,жӯЈCATE
2023-11-28,0.3589111,1.6575424466796846,жӯЈCATE
2023-11-29,0.48219132,-0.7700236685029459,иҙҹ/йӣ¶CATE
2023-11-30,0.4221212,1300001.0707579998,жӯЈCATE
2023-12-01,0.5448846,1499998.070273132,жӯЈCATE
2023-12-04,0.37328798,0.9679319314611893,жӯЈCATE
2023-12-05,0.36373723,3399999.484929545,жӯЈCATE
2023-12-06,0.36636314,-6300000.0413669525,иҙҹ/йӣ¶CATE
2023-12-07,0.53628695,-0.29493522654313997,иҙҹ/йӣ¶CATE
2023-12-08,0.5429859,-0.5289238581172312,иҙҹ/йӣ¶CATE
2023-12-11,0.49978682,-1700000.3034838615,иҙҹ/йӣ¶CATE
2023-12-12,0.5151411,-4000005.77526187,иҙҹ/йӣ¶CATE
2023-12-13,0.62050146,5199999.962252664,жӯЈCATE
2023-12-14,0.5837928,-0.026141511572821484,иҙҹ/йӣ¶CATE
2023-12-15,0.64988583,3999999.284428251,жӯЈCATE
2023-12-18,0.57816166,-3599999.5764256837,иҙҹ/йӣ¶CATE
2023-12-19,0.6643541,0.9974637526789258,жӯЈCATE
2023-12-20,0.61931217,1.2387396328513847,жӯЈCATE
2023-12-21,0.51414263,4499996.83368434,жӯЈCATE
2023-12-22,0.6690101,7899995.497688967,жӯЈCATE
2023-12-25,0.6227396,-5800009.912417171,иҙҹ/йӣ¶CATE
2023-12-26,0.59255695,2599995.9701969693,жӯЈCATE
2023-12-27,0.5911631,-4199997.763976394,иҙҹ/йӣ¶CATE
2023-12-28,0.6269457,2.31073912873108,жӯЈCATE
2023-12-29,0.69817525,2.7141131643646355,жӯЈCATE
2024-01-02,0.6630733,-1.3095775152531643,иҙҹ/йӣ¶CATE
2024-01-03,0.6633963,-1600001.9694960462,иҙҹ/йӣ¶CATE
2024-01-04,0.6419378,0.6293848353818574,жӯЈCATE
2024-01-05,0.6464028,-1.5309959696015145,иҙҹ/йӣ¶CATE
2024-01-08,0.5460856,4100000.92375284,жӯЈCATE
2024-01-09,0.6227161,-1800000.0063748383,иҙҹ/йӣ¶CATE
2024-01-10,0.66031736,0.7182540882308882,жӯЈCATE
2024-01-11,0.7007482,-6900004.019963766,иҙҹ/йӣ¶CATE
2024-01-12,0.631895,-1599998.856861651,иҙҹ/йӣ¶CATE
2024-01-15,0.6305218,-3199999.336150578,иҙҹ/йӣ¶CATE
2024-01-16,0.6259711,-0.22356700954072578,иҙҹ/йӣ¶CATE
2024-01-17,0.542983,4599998.8351438185,жӯЈCATE
2024-01-18,0.4898125,0.47265032511422833,жӯЈCATE
2024-01-19,0.39894238,0.26516986805590287,жӯЈCATE
2024-01-22,0.4827479,5900001.817784858,жӯЈCATE
2024-01-23,0.4642874,2299998.821752475,жӯЈCATE
2024-01-24,0.6034738,-1600000.5025003129,иҙҹ/йӣ¶CATE
2024-01-25,0.50400966,4700002.572861449,жӯЈCATE
2024-01-26,0.5013514,4800004.762048037,жӯЈCATE
2024-01-29,0.49525282,6000005.595803583,жӯЈCATE
2024-01-30,0.4825715,1200001.9451730007,жӯЈCATE
2024-01-31,0.57076067,2.546128839558888,жӯЈCATE
2024-02-01,0.5730684,2.363673000202259,жӯЈCATE
2024-02-02,0.46901494,6900000.23461688,жӯЈCATE
2024-02-05,0.31155464,2300002.087575973,жӯЈCATE
2024-02-06,0.45791274,4599999.695766397,жӯЈCATE
2024-02-07,0.54530007,4600007.257332656,жӯЈCATE
2024-02-08,0.53009915,3.683392798970433,жӯЈCATE
2024-02-19,0.60645753,-1600001.0151489868,иҙҹ/йӣ¶CATE
2024-02-20,0.5892723,2299999.27225417,жӯЈCATE
2024-02-21,0.7187676,11100006.979725624,жӯЈCATE
2024-02-22,0.38881114,-2900002.28508909,иҙҹ/йӣ¶CATE
2024-02-23,0.43439803,-1199998.0831421881,иҙҹ/йӣ¶CATE
2024-02-26,0.5747087,-0.8351523546609196,иҙҹ/йӣ¶CATE
2024-02-27,0.5564694,-0.21660575427575715,иҙҹ/йӣ¶CATE
2024-02-28,0.33604065,1900000.770297718,жӯЈCATE
2024-02-29,0.3721248,1800000.385312857,жӯЈCATE
2024-03-01,0.47835645,1.2470454892356992,жӯЈCATE
2024-03-04,0.44244963,0.46439216770751074,жӯЈCATE
2024-03-05,0.521506,18700003.973401405,жӯЈCATE
2024-03-06,0.5419405,-1.228014291016825,иҙҹ/йӣ¶CATE
2024-03-07,0.42440218,-2699998.559206927,иҙҹ/йӣ¶CATE
2024-03-08,0.46894866,13799999.45507309,жӯЈCATE
2024-03-11,0.29782665,159399960.48466644,жӯЈCATE
2024-03-12,0.54155964,3800000.7110085553,жӯЈCATE
2024-03-13,0.39883164,-1999999.3027548254,иҙҹ/йӣ¶CATE
2024-03-14,0.21608664,-0.7812196001482046,иҙҹ/йӣ¶CATE
2024-03-15,0.19494754,-0.3079523126934492,иҙҹ/йӣ¶CATE
2024-03-18,0.2809701,0.13691304491588377,жӯЈCATE
2024-03-19,0.3417165,-1000000.0940718942,иҙҹ/йӣ¶CATE
2024-03-20,0.5608892,8499998.705826003,жӯЈCATE
2024-03-21,0.7136729,-2599998.8674260643,иҙҹ/йӣ¶CATE
2024-03-22,0.5817978,-4800000.208682085,иҙҹ/йӣ¶CATE
2024-03-25,0.43786678,-6600000.006672348,иҙҹ/йӣ¶CATE
2024-03-26,0.5873814,-0.4469950313640127,иҙҹ/йӣ¶CATE
2024-03-27,0.73472065,-1.393661508124235,иҙҹ/йӣ¶CATE
2024-03-28,0.6632459,0.4547930516626718,жӯЈCATE
2024-03-29,0.67255366,1300000.9658567903,жӯЈCATE
2024-04-01,0.69139814,1.5311259966852264,жӯЈCATE
2024-04-02,0.66175526,-2500004.1288301516,иҙҹ/йӣ¶CATE
2024-04-03,0.6124648,-0.6704284093906214,иҙҹ/йӣ¶CATE
2024-04-08,0.6082829,0.9053838255006599,жӯЈCATE
2024-04-09,0.5409821,0.6871894638965944,жӯЈCATE
2024-04-10,0.61187285,-3299998.6589984847,иҙҹ/йӣ¶CATE
2024-04-11,0.5093993,0.8711164227372623,жӯЈCATE
2024-04-12,0.47375515,1299999.6682293685,жӯЈCATE
2024-04-15,0.49739674,2400001.7753498526,жӯЈCATE
2024-04-16,0.5361217,-1.5592160544077789,иҙҹ/йӣ¶CATE
2024-04-17,0.50510085,7200009.587600548,жӯЈCATE
2024-04-18,0.45819137,-599994.933345833,иҙҹ/йӣ¶CATE
2024-04-19,0.5015097,2599999.4323005397,жӯЈCATE
2024-04-22,0.74952036,-1800000.0216177725,иҙҹ/йӣ¶CATE
2024-04-23,0.66492337,-0.04918910112895308,иҙҹ/йӣ¶CATE
2024-04-24,0.7612935,1.1072186010450489,жӯЈCATE
2024-04-25,0.7254157,4100001.9495893894,жӯЈCATE
2024-04-26,0.43756455,2599995.17798208,жӯЈCATE
2024-04-29,0.40854123,2400003.6764445663,жӯЈCATE
2024-04-30,0.3929131,12900005.476189297,жӯЈCATE
2024-05-06,0.42213854,-2799997.7856928543,иҙҹ/йӣ¶CATE
2024-05-07,0.46337044,-21.61326533802843,иҙҹ/йӣ¶CATE
2024-05-08,0.43914858,-1999999.0417843324,иҙҹ/йӣ¶CATE
2024-05-09,0.84982294,23.005521554577918,жӯЈCATE
2024-05-10,0.37071174,163200164.0597847,жӯЈCATE
2024-05-13,0.3240452,9600020.259635374,жӯЈCATE
2024-05-14,0.3217935,2499996.983979867,жӯЈCATE
2024-05-15,0.42115194,2400001.87653809,жӯЈCATE
2024-05-16,0.43871582,12600010.820259267,жӯЈCATE
2024-05-17,0.3356523,5300005.741323652,жӯЈCATE
2024-05-20,0.41752955,6.286537283354587,жӯЈCATE
2024-05-21,0.43370584,-0.8344846417835994,иҙҹ/йӣ¶CATE
2024-05-22,0.42902258,0.08676244942740045,жӯЈCATE
2024-05-23,0.56986433,4300003.060410049,жӯЈCATE
2024-05-24,0.22386166,-500001.4262536532,иҙҹ/йӣ¶CATE
2024-05-27,0.12707691,-499999.7875278201,иҙҹ/йӣ¶CATE
2024-05-28,0.20762508,5.098428445192165,жӯЈCATE
2024-05-29,0.1383684,-2099998.6555456547,иҙҹ/йӣ¶CATE
2024-05-30,0.12853839,999996.4957698837,жӯЈCATE
2024-05-31,0.1108366,-700001.9915671019,иҙҹ/йӣ¶CATE
2024-06-03,0.13348342,-1000001.1340949892,иҙҹ/йӣ¶CATE
2024-06-04,0.50332046,2.839163614249677,жӯЈCATE
2024-06-05,0.50297666,1300000.8368007077,жӯЈCATE
2024-06-06,0.13144717,-2099999.6620601527,иҙҹ/йӣ¶CATE
2024-06-07,0.36885408,-8200005.538041687,иҙҹ/йӣ¶CATE
2024-06-11,0.2014734,0.189954319756056,жӯЈCATE
2024-06-12,0.16147247,-0.47428385426000874,иҙҹ/йӣ¶CATE
2024-06-13,0.2333429,-1099999.0287518303,иҙҹ/йӣ¶CATE
2024-06-14,0.22572254,2600002.028330932,жӯЈCATE
2024-06-17,0.64632416,2499989.310157555,жӯЈCATE
2024-06-18,0.42800218,140999984.9503844,жӯЈCATE
2024-06-19,0.5889903,3500042.805949895,жӯЈCATE
2024-06-20,0.60224986,4400006.4031898575,жӯЈCATE
2024-06-21,0.63269,145799983.92000738,жӯЈCATE
2024-06-24,0.47508764,-3200005.0716416147,иҙҹ/йӣ¶CATE
2024-06-25,0.6130904,0.8671145612571649,жӯЈCATE
2024-06-26,0.5756424,2200006.089096324,жӯЈCATE
2024-06-27,0.6807835,13.869824001580008,жӯЈCATE
2024-06-28,0.60898507,-7.6569246190014075,иҙҹ/йӣ¶CATE
2024-07-01,0.6154183,-0.4985543934075267,иҙҹ/йӣ¶CATE
2024-07-02,0.59928954,2399999.6901610373,жӯЈCATE
2024-07-03,0.48864833,1.9625290897596213,жӯЈCATE
2024-07-04,0.58308166,-499999.7355814131,иҙҹ/йӣ¶CATE
2024-07-05,0.5664052,9.840960906058982,жӯЈCATE
2024-07-08,0.4222819,-5.031021069860705,иҙҹ/йӣ¶CATE
2024-07-09,0.74389,-0.310816049368975,иҙҹ/йӣ¶CATE
2024-07-10,0.74213403,-0.18395471844983807,иҙҹ/йӣ¶CATE
2024-07-11,0.5794224,0.6531978369206429,жӯЈCATE
2024-07-12,0.57279396,5800004.130068033,жӯЈCATE
2024-07-15,0.47558063,2799992.8052609228,жӯЈCATE
2024-07-16,0.7221273,78000076.73251739,жӯЈCATE
2024-07-17,0.657406,6400005.235956511,жӯЈCATE
2024-07-18,0.5114199,-1500004.5326017097,иҙҹ/йӣ¶CATE
2024-07-19,0.44198877,0.3200620738033912,жӯЈCATE
2024-07-22,0.27010983,-1.028331849894398,иҙҹ/йӣ¶CATE
2024-07-23,0.20687252,-1100000.3193975445,иҙҹ/йӣ¶CATE
2024-07-24,0.61202383,-1800000.6041122016,иҙҹ/йӣ¶CATE
2024-07-25,0.8150278,-1.6006468367331468,иҙҹ/йӣ¶CATE
2024-07-26,0.1611813,-3599998.092940658,иҙҹ/йӣ¶CATE
2024-07-29,0.14544193,-2799997.33650844,иҙҹ/йӣ¶CATE
2024-07-30,0.1298719,4.410677298341078,жӯЈCATE
2024-07-31,0.12557203,-30999993.811534304,иҙҹ/йӣ¶CATE
2024-08-01,0.23586287,-500003.24971478095,иҙҹ/йӣ¶CATE
2024-08-02,0.116030216,-1.6570548544748467,иҙҹ/йӣ¶CATE
2024-08-05,0.14565781,-3300002.3190225475,иҙҹ/йӣ¶CATE
2024-08-06,0.15155569,-500001.6932651517,иҙҹ/йӣ¶CATE
2024-08-07,0.115697555,1.9700230357626989,жӯЈCATE
2024-08-08,0.1312862,-7200005.712739979,иҙҹ/йӣ¶CATE
2024-08-09,0.17461498,-7600000.204946436,иҙҹ/йӣ¶CATE
2024-08-12,0.50568706,-1699998.276996879,иҙҹ/йӣ¶CATE
2024-08-13,0.9408646,-1599998.368439776,иҙҹ/йӣ¶CATE
2024-08-14,0.94363654,-7.51340737434188,иҙҹ/йӣ¶CATE
2024-08-15,0.8953015,1699998.836928145,жӯЈCATE
2024-08-16,0.5160425,0.69549657915405,жӯЈCATE
2024-08-19,0.61841327,-2800001.4226837503,иҙҹ/йӣ¶CATE
2024-08-20,0.6187822,-1200000.3251169985,иҙҹ/йӣ¶CATE
2024-08-21,0.6620824,-1399999.9487052325,иҙҹ/йӣ¶CATE
2024-08-22,0.7798447,-499998.33137668105,иҙҹ/йӣ¶CATE
2024-08-23,0.43014294,-1199988.231107772,иҙҹ/йӣ¶CATE
2024-08-26,0.3580881,1300001.1340176256,жӯЈCATE
2024-08-27,0.3718722,-3.3500839000150235,иҙҹ/йӣ¶CATE
2024-08-28,0.3456285,-0.711590549751257,иҙҹ/йӣ¶CATE
2024-08-29,0.3186746,1.269933429703611,жӯЈCATE
2024-08-30,0.35116214,2599995.8313581236,жӯЈCATE
2024-09-02,0.23768556,0.11746236351503064,жӯЈCATE
2024-09-03,0.33842188,-1.4384257422851499,иҙҹ/йӣ¶CATE
2024-09-04,0.5734199,0.5594016853002135,жӯЈCATE
2024-09-05,0.18470925,-5400002.9635026455,иҙҹ/йӣ¶CATE
2024-09-06,0.114548795,-1100002.4796754955,иҙҹ/йӣ¶CATE
2024-09-09,0.11930245,-0.9315801595315534,иҙҹ/йӣ¶CATE
2024-09-10,0.12153882,-1100001.8870838287,иҙҹ/йӣ¶CATE
2024-09-11,0.17755371,-5400001.872510002,иҙҹ/йӣ¶CATE
2024-09-12,0.22684105,1.3198705204766676,жӯЈCATE
2024-09-13,0.2803134,-3499997.9351259,иҙҹ/йӣ¶CATE
2024-09-18,0.7607909,-1099999.3835378785,иҙҹ/йӣ¶CATE
2024-09-19,0.43157518,2599994.9342410015,жӯЈCATE
2024-09-20,0.35702348,-5.133456670922522,иҙҹ/йӣ¶CATE
2024-09-23,0.819426,-1399999.537538161,иҙҹ/йӣ¶CATE
2024-09-24,0.8636932,-1100000.5329274377,иҙҹ/йӣ¶CATE
2024-09-25,0.8258448,1500000.3463733736,жӯЈCATE
2024-09-26,0.8029076,-1.4942069273092662,иҙҹ/йӣ¶CATE
2024-09-27,0.6549964,4500000.661268807,жӯЈCATE
2024-09-30,0.6103389,-1.3325735930726392,иҙҹ/йӣ¶CATE
2024-10-08,0.5246455,-1300001.4011338493,иҙҹ/йӣ¶CATE
2024-10-09,0.46550944,11100000.749757417,жӯЈCATE
2024-10-10,0.5554033,-3999997.9171370734,иҙҹ/йӣ¶CATE
2024-10-11,0.4483865,11.073841663373521,жӯЈCATE
2024-10-14,0.5003566,-2099992.742367037,иҙҹ/йӣ¶CATE
2024-10-15,0.44497037,12799997.39086884,жӯЈCATE
2024-10-16,0.49349245,-500000.4120311024,иҙҹ/йӣ¶CATE
2024-10-17,0.38047266,-0.09676315997895632,иҙҹ/йӣ¶CATE
2024-10-18,0.3877318,1099998.3301277652,жӯЈCATE
2024-10-21,0.39226568,-0.06292886392503905,иҙҹ/йӣ¶CATE
2024-10-22,0.36224547,1799999.3399770588,жӯЈCATE
2024-10-23,0.38001955,7399998.6976888385,жӯЈCATE
2024-10-24,0.40683725,1.5731995749715861,жӯЈCATE
2024-10-25,0.31490093,-2699999.074281854,иҙҹ/йӣ¶CATE
2024-10-28,0.42244786,-800000.6348700519,иҙҹ/йӣ¶CATE
2024-10-29,0.62197256,-2899998.730363354,иҙҹ/йӣ¶CATE
2024-10-30,0.60364586,1.7124093460287722,жӯЈCATE
2024-10-31,0.6344469,-9100005.337249825,иҙҹ/йӣ¶CATE
2024-11-01,0.75854903,-4099999.6058834936,иҙҹ/йӣ¶CATE
2024-11-04,0.7108031,-6699997.237406148,иҙҹ/йӣ¶CATE
2024-11-05,0.50642264,-5399998.5779766785,иҙҹ/йӣ¶CATE
2024-11-06,0.5597604,-1500000.2570414525,иҙҹ/йӣ¶CATE
2024-11-07,0.53098613,-399999.6134059288,иҙҹ/йӣ¶CATE
2024-11-08,0.6386673,-0.6187469179054023,иҙҹ/йӣ¶CATE
2024-11-11,0.5760077,-1000000.7028251839,иҙҹ/йӣ¶CATE
2024-11-12,0.6203589,2.3196747781535563,жӯЈCATE
2024-11-13,0.21029332,-5399995.95885672,иҙҹ/йӣ¶CATE
2024-11-14,0.41913816,-12500008.093961228,иҙҹ/йӣ¶CATE
2024-11-15,0.46543315,-1999995.3561643385,иҙҹ/йӣ¶CATE
2024-11-18,0.31558752,11399998.690174969,жӯЈCATE
2024-11-19,0.5311066,-2700002.172005151,иҙҹ/йӣ¶CATE
2024-11-20,0.52140725,-1.0900142492646683,иҙҹ/йӣ¶CATE
2024-11-21,0.5258703,-5600002.962017149,иҙҹ/йӣ¶CATE
2024-11-22,0.55048966,-0.9443202951938956,иҙҹ/йӣ¶CATE
2024-11-25,0.37403092,-0.5238447982122829,иҙҹ/йӣ¶CATE
2024-11-26,0.3443774,-8399993.182973472,иҙҹ/йӣ¶CATE
2024-11-27,0.5834167,-78599991.39806682,иҙҹ/йӣ¶CATE
2024-11-28,0.6344852,-1100004.6340549474,иҙҹ/йӣ¶CATE
2024-11-29,0.5296905,1.53440524093202,жӯЈCATE
2024-12-02,0.5040881,2900004.6547590448,жӯЈCATE
2024-12-03,0.6849068,1700004.7160332832,жӯЈCATE
2024-12-04,0.7162376,2200003.7387646437,жӯЈCATE
2024-12-05,0.6026688,1800000.2619811147,жӯЈCATE
2024-12-06,0.79936916,1.1458036640485922,жӯЈCATE
2024-12-09,0.47363082,1.130429087150178,жӯЈCATE
2024-12-10,0.93306804,4100002.668082703,жӯЈCATE
2024-12-11,0.36428657,-0.32446426828872577,иҙҹ/йӣ¶CATE
2024-12-12,0.91548455,2.0120687997480546,жӯЈCATE
2024-12-13,0.6291464,112199997.00121586,жӯЈCATE
2024-12-16,0.42384937,1799998.5764545605,жӯЈCATE
2024-12-17,0.3214956,-0.5021637040440682,иҙҹ/йӣ¶CATE
2024-12-18,0.6825192,3099996.5414998247,жӯЈCATE
2024-12-19,0.6938065,6899998.9879436605,жӯЈCATE
2024-12-20,0.85267735,-0.4640609886731661,иҙҹ/йӣ¶CATE
2024-12-23,0.66485125,-1.2003173700544485,иҙҹ/йӣ¶CATE
2024-12-24,0.43421724,4799994.858646644,жӯЈCATE
2024-12-25,0.49491492,-2600012.8872850086,иҙҹ/йӣ¶CATE
2024-12-26,0.5833592,1799983.900873937,жӯЈCATE
2024-12-27,0.28349513,2.6449728476814,жӯЈCATE
2024-12-30,0.34048074,-0.711877119963212,иҙҹ/йӣ¶CATE
2024-12-31,0.49273324,-1999999.9883291835,иҙҹ/йӣ¶CATE
2025-01-02,0.5287829,2299999.6547720344,жӯЈCATE
2025-01-03,0.21583189,1700000.2846459127,жӯЈCATE
2025-01-06,0.33965516,-0.6840201504136665,иҙҹ/йӣ¶CATE
2025-01-07,0.1590285,-2500004.2566389865,иҙҹ/йӣ¶CATE
2025-01-08,0.12128421,6900000.642565973,жӯЈCATE
2025-01-09,0.68950045,-3600000.3863133336,иҙҹ/йӣ¶CATE
2025-01-10,0.6944322,-13.164268370635005,иҙҹ/йӣ¶CATE
2025-01-13,0.5460833,-0.8483449700095282,иҙҹ/йӣ¶CATE
2025-01-14,0.49189764,5100006.592608896,жӯЈCATE
2025-01-15,0.40971804,122400122.79744011,жӯЈCATE
2025-01-16,0.46975613,8.427678162001051,жӯЈCATE
2025-01-17,0.62558866,-146900146.15960252,иҙҹ/йӣ¶CATE
2025-01-20,0.5659624,-6100001.470044234,иҙҹ/йӣ¶CATE
2025-01-21,0.91282284,-0.926262374409084,иҙҹ/йӣ¶CATE
2025-01-22,0.89031875,-0.3315056994058017,иҙҹ/йӣ¶CATE
2025-01-23,0.675864,-0.04924818851823388,иҙҹ/йӣ¶CATE
2025-01-24,0.5349415,1800000.4710680617,жӯЈCATE
2025-01-27,0.47882152,-1.9518168831444875,иҙҹ/йӣ¶CATE
2025-02-05,0.46260577,2299999.354049907,жӯЈCATE
2025-02-06,0.9200105,1.5819912853673406,жӯЈCATE
2025-02-07,0.3045832,0.08291706322594329,жӯЈCATE
2025-02-10,0.6451736,1.5029819456073001,жӯЈCATE
2025-02-11,0.48490208,-2099998.5670754113,иҙҹ/йӣ¶CATE
2025-02-12,0.64077204,-1399994.6752087397,иҙҹ/йӣ¶CATE
2025-02-13,0.25795433,-2800000.4510562406,иҙҹ/йӣ¶CATE
2025-02-14,0.50499725,-2199984.233460001,иҙҹ/йӣ¶CATE
2025-02-17,0.2614972,-2799988.956514952,иҙҹ/йӣ¶CATE
2025-02-18,0.33548748,-160000155.3497383,иҙҹ/йӣ¶CATE
2025-02-19,0.318968,-22900013.215140108,иҙҹ/йӣ¶CATE
2025-02-20,0.1389319,-6500006.275171881,иҙҹ/йӣ¶CATE
2025-02-21,0.15019195,-0.18684135340545516,иҙҹ/йӣ¶CATE
2025-02-24,0.28262204,-0.017737353873509654,иҙҹ/йӣ¶CATE
2025-02-25,0.27023172,2999995.8404908096,жӯЈCATE
2025-02-26,0.13459311,1200002.1036063174,жӯЈCATE
2025-02-27,0.18704282,1000003.2779580887,жӯЈCATE
2025-02-28,0.36862218,-1000000.4202827732,иҙҹ/йӣ¶CATE
2025-03-03,0.83873224,-2.145244867892598,иҙҹ/йӣ¶CATE
2025-03-04,0.90360576,1199999.6019979275,жӯЈCATE
2025-03-05,0.9314026,1400002.432809836,жӯЈCATE
2025-03-06,0.54102606,-1400000.3398144178,иҙҹ/йӣ¶CATE
2025-03-07,0.7816042,-1099994.9553972324,иҙҹ/йӣ¶CATE
2025-03-10,0.5881915,1.8928384500436064,жӯЈCATE
2025-03-11,0.8552727,-399990.0585141278,иҙҹ/йӣ¶CATE
2025-03-12,0.5094662,-1499996.0317758408,иҙҹ/йӣ¶CATE
2025-03-13,0.35722825,-7300008.036307658,иҙҹ/йӣ¶CATE
2025-03-14,0.40295547,6600005.2910853205,жӯЈCATE
2025-03-17,0.36886835,-10200004.910794575,иҙҹ/йӣ¶CATE
2025-03-18,0.24639215,-2700006.032069191,иҙҹ/йӣ¶CATE
2025-03-19,0.23353878,1299999.3206471896,жӯЈCATE
2025-03-20,0.35019326,4899996.8196312385,жӯЈCATE
2025-03-21,0.36601797,-1.190195122423583,иҙҹ/йӣ¶CATE
2025-03-24,0.24989127,600001.4603162077,жӯЈCATE
2025-03-25,0.23460034,-1.4825246777032999,иҙҹ/йӣ¶CATE
2025-03-26,0.18296447,7499999.874802893,жӯЈCATE
2025-03-27,0.14103033,-5099999.159094044,иҙҹ/йӣ¶CATE
2025-03-28,0.14527704,-2499998.194729424,иҙҹ/йӣ¶CATE
2025-03-31,0.14081916,0.7726514172563985,жӯЈCATE
2025-04-01,0.11245627,599996.0800846725,жӯЈCATE
2025-04-02,0.24443434,-65999991.80642076,иҙҹ/йӣ¶CATE
2025-04-03,0.19089504,-5400009.5349072395,иҙҹ/йӣ¶CATE
2025-04-07,0.09887642,1499999.8970633787,жӯЈCATE
2025-04-08,0.25112337,-500004.0984585822,иҙҹ/йӣ¶CATE
2025-04-09,0.95943093,1300000.045099283,жӯЈCATE
2025-04-10,0.34569833,200002.32351610844,жӯЈCATE
2025-04-11,0.78880525,6499998.363202027,жӯЈCATE
2025-04-14,0.7163523,2999989.969091704,жӯЈCATE
2025-04-15,0.21470408,3199993.8435191773,жӯЈCATE
2025-04-16,0.8846554,-146199991.16524515,иҙҹ/йӣ¶CATE
2025-04-17,0.19597013,200599977.40059865,жӯЈCATE
2025-04-18,0.16663651,3599999.2642591186,жӯЈCATE
2025-04-21,0.6080177,-199998.50501078705,иҙҹ/йӣ¶CATE
2025-04-22,0.8454752,8699995.561833907,жӯЈCATE
2025-04-23,0.15080501,168999980.21810585,жӯЈCATE
2025-04-24,0.9489391,-5200009.088038124,иҙҹ/йӣ¶CATE
2025-04-25,0.28910434,6000011.873268648,жӯЈCATE
2025-04-28,0.22536616,-1099986.5802191766,иҙҹ/йӣ¶CATE
2025-04-29,0.22847897,-121999977.56492358,иҙҹ/йӣ¶CATE
2025-04-30,0.6396665,0.7787683128843689,жӯЈCATE
2025-05-06,0.7576063,3.223203243846137,жӯЈCATE
2025-05-07,0.9403547,-4899999.996995329,иҙҹ/йӣ¶CATE
2025-05-08,0.9420018,2399994.155700653,жӯЈCATE
2025-05-09,0.89446944,1.3669152180528896,жӯЈCATE
2025-05-12,0.90940565,-6.12295668961916,иҙҹ/йӣ¶CATE
2025-05-13,0.5250184,5100009.52241295,жӯЈCATE
2025-05-14,0.47066712,-2500001.1471819202,иҙҹ/йӣ¶CATE
2025-05-15,0.45046026,1399999.2961570674,жӯЈCATE
2025-05-16,0.37856823,-7700001.096911772,иҙҹ/йӣ¶CATE
2025-05-19,0.47999984,-1700000.546766921,иҙҹ/йӣ¶CATE
2025-05-20,0.41801926,-6099997.720274656,иҙҹ/йӣ¶CATE
2025-05-21,0.25356743,-1.080507576718627,иҙҹ/йӣ¶CATE
2025-05-22,0.17704403,-0.12280604913276852,иҙҹ/йӣ¶CATE
2025-05-23,0.32914278,-3500002.4808999063,иҙҹ/йӣ¶CATE
2025-05-26,0.1884572,-0.23442855901558612,иҙҹ/йӣ¶CATE
2025-05-27,0.14038704,-0.04144908914169403,иҙҹ/йӣ¶CATE
2025-05-28,0.14969262,0.419162209836379,жӯЈCATE
2025-05-29,0.16867909,-148899975.50290722,иҙҹ/йӣ¶CATE
2025-05-30,0.14661255,899998.42738515,жӯЈCATE
2025-06-03,0.17580156,2299998.9275742862,жӯЈCATE
2025-06-04,0.46561214,6599999.870702845,жӯЈCATE
2025-06-05,0.8686215,-4299998.579728247,иҙҹ/йӣ¶CATE
2025-06-06,0.83146244,0.8855451337994265,жӯЈCATE
2025-06-09,0.8491431,0.33719095295720314,жӯЈCATE
2025-06-10,0.64821225,-6399997.320422156,иҙҹ/йӣ¶CATE
2025-06-11,0.6016063,1900006.4336239374,жӯЈCATE
2025-06-12,0.5921391,1300000.6073449214,жӯЈCATE
2025-06-13,0.820577,1200000.4542527078,жӯЈCATE
2025-06-16,0.43881202,1799998.4930640615,жӯЈCATE
2025-06-17,0.4352926,1899995.7902096969,жӯЈCATE
2025-06-18,0.36779076,-3.069615882102795,иҙҹ/йӣ¶CATE
2025-06-19,0.33778813,2400007.6473264606,жӯЈCATE
2025-06-20,0.377817,73200074.12498619,жӯЈCATE
2025-06-23,0.36867616,7200006.650239516,жӯЈCATE
2025-06-24,0.38774496,12000012.349907022,жӯЈCATE
2025-06-25,0.4332402,4800005.934444731,жӯЈCATE
2025-06-26,0.43968493,8400009.469173951,жӯЈCATE
2025-06-27,0.37883094,-1800002.5467954732,иҙҹ/йӣ¶CATE
2025-06-30,0.5172213,0.039568000986062106,жӯЈCATE
2025-07-01,0.28808904,-1799996.3381856277,иҙҹ/йӣ¶CATE
2025-07-02,0.33649313,-2.3703058213956765,иҙҹ/йӣ¶CATE
2025-07-03,0.34474197,1.416931415367131,жӯЈCATE
2025-07-04,0.2900204,-499997.0694590967,иҙҹ/йӣ¶CATE
2025-07-07,0.36941153,1300005.6716981016,жӯЈCATE
2025-07-08,0.21906695,1000001.4554369281,жӯЈCATE
2025-07-09,0.25249565,-1999997.0302201041,иҙҹ/йӣ¶CATE
2025-07-10,0.31028444,-2299998.3704030267,иҙҹ/йӣ¶CATE
2025-07-11,0.6360368,7200010.538098243,жӯЈCATE
2025-07-14,0.7671974,1.021549382458591,жӯЈCATE
2025-07-15,0.31371033,-3499998.4461955996,иҙҹ/йӣ¶CATE
2025-07-16,0.31908166,4199999.678614245,жӯЈCATE
2025-07-17,0.2362273,-1899999.161529499,иҙҹ/йӣ¶CATE
2025-07-18,0.17235939,-899996.9832716365,иҙҹ/йӣ¶CATE
2025-07-21,0.12741584,-17300000.049487468,иҙҹ/йӣ¶CATE
2025-07-22,0.16746674,-5999967.275247005,иҙҹ/йӣ¶CATE
2025-07-23,0.42089817,-1799994.1580790153,иҙҹ/йӣ¶CATE
2025-07-24,0.18087031,-900004.7026469398,иҙҹ/йӣ¶CATE
2025-07-25,0.22077113,-55799994.37203037,иҙҹ/йӣ¶CATE
2025-07-28,0.23124824,-7200000.531388616,иҙҹ/йӣ¶CATE
2025-07-29,0.2146508,-7199998.188873012,иҙҹ/йӣ¶CATE
2025-07-30,0.1775289,-5799997.681773454,иҙҹ/йӣ¶CATE
2025-07-31,0.40556118,-2199996.300192906,иҙҹ/йӣ¶CATE
2025-08-01,0.77494293,3.1503992410859882,жӯЈCATE
2025-08-04,0.5119169,2600005.4769348223,жӯЈCATE
2025-08-05,0.46471918,2.232338746961272,жӯЈCATE
2025-08-06,0.5577805,-1.8246296664625532,иҙҹ/йӣ¶CATE
2025-08-07,0.79326457,-14999996.013189591,иҙҹ/йӣ¶CATE
2025-08-08,0.824269,-3599998.856820654,иҙҹ/йӣ¶CATE
2025-08-11,0.85155165,1200001.130545628,жӯЈCATE
2025-08-12,0.5530793,-6899999.485551682,иҙҹ/йӣ¶CATE
2025-08-13,0.42004257,-1599999.025779535,иҙҹ/йӣ¶CATE
2025-08-14,0.54179627,-6999999.957737004,иҙҹ/йӣ¶CATE
2025-08-15,0.90988654,-6299998.752751023,иҙҹ/йӣ¶CATE
2025-08-18,0.36064264,-1600001.6964799063,иҙҹ/йӣ¶CATE
2025-08-19,0.8028034,-3199999.7895184304,иҙҹ/йӣ¶CATE
2025-08-20,0.44291982,-4699999.893718788,иҙҹ/йӣ¶CATE
2025-08-21,0.5272165,-1600000.5709953096,иҙҹ/йӣ¶CATE
2025-08-22,0.49058518,-8100000.064836367,иҙҹ/йӣ¶CATE
2025-08-25,0.51725173,-3400000.4324421333,иҙҹ/йӣ¶CATE
2025-08-26,0.6588706,-4699999.1988212755,иҙҹ/йӣ¶CATE
2025-08-27,0.56353277,-2999999.459546887,иҙҹ/йӣ¶CATE
2025-08-28,0.46007726,-12699998.625985425,иҙҹ/йӣ¶CATE
2025-08-29,0.6303471,-32299995.86168671,иҙҹ/йӣ¶CATE
2025-09-01,0.32614735,-2800000.4316904154,иҙҹ/йӣ¶CATE
2025-09-02,0.32128534,-80199987.31278025,иҙҹ/йӣ¶CATE
2025-09-03,0.60969555,-4399997.789694731,иҙҹ/йӣ¶CATE
2025-09-04,0.7321817,-10200001.190840332,иҙҹ/йӣ¶CATE
2025-09-05,0.749852,-8600000.81582295,иҙҹ/йӣ¶CATE
2025-09-08,0.40075788,-1800000.4639593067,иҙҹ/йӣ¶CATE
2025-09-09,0.5789457,-1400000.3699857572,иҙҹ/йӣ¶CATE
2025-09-10,0.6972666,-1599998.6495036352,иҙҹ/йӣ¶CATE
2025-09-11,0.51490563,-1300000.40380714,иҙҹ/йӣ¶CATE
2025-09-12,0.78639805,2999998.033215312,жӯЈCATE
2025-09-15,0.62827516,8999998.11321143,жӯЈCATE
2025-09-16,0.51291806,-1699999.4056136494,иҙҹ/йӣ¶CATE
2025-09-17,0.38981175,-1600001.1089864082,иҙҹ/йӣ¶CATE
2025-09-18,0.16704136,1699996.8332103833,жӯЈCATE
2025-09-19,0.19866054,-2700000.27486361,иҙҹ/йӣ¶CATE
2025-09-22,0.40276325,-0.09512849730926988,иҙҹ/йӣ¶CATE
2025-09-23,0.1919596,-1.7120034652957152,иҙҹ/йӣ¶CATE
2025-09-24,0.700418,-4200000.264096289,иҙҹ/йӣ¶CATE
2025-09-25,0.27270478,1800000.1745981881,жӯЈCATE
2025-09-26,0.19797657,-2999999.764762633,иҙҹ/йӣ¶CATE
2025-09-29,0.6110338,-0.39323175746871214,иҙҹ/йӣ¶CATE
2025-09-30,0.36451808,199999.34569323246,жӯЈCATE
2025-10-09,0.14750645,-4899999.884951744,иҙҹ/йӣ¶CATE
2025-10-10,0.52407795,-1.3443181130591377,иҙҹ/йӣ¶CATE
2025-10-13,0.14749609,-2100000.5900345626,иҙҹ/йӣ¶CATE
2025-10-14,0.369499,899999.6716082209,жӯЈCATE
2025-10-15,0.41344196,99992.63863092277,жӯЈCATE
2025-10-16,0.71230185,-4799998.45805405,иҙҹ/йӣ¶CATE
2025-10-17,0.58009213,-2699998.81948547,иҙҹ/йӣ¶CATE
2025-10-20,0.6514249,-2200003.046861734,иҙҹ/йӣ¶CATE
2025-10-21,0.6313099,-5699998.67569851,иҙҹ/йӣ¶CATE
2025-10-22,0.65426224,0.022120366568320633,жӯЈCATE
2025-10-23,0.5984119,-2800004.4033883493,иҙҹ/йӣ¶CATE
2025-10-24,0.5804817,-0.9563733274894167,иҙҹ/йӣ¶CATE
2025-10-27,0.5434641,-5.74905114800167,иҙҹ/йӣ¶CATE
2025-10-28,0.536032,-5.853134260541189,иҙҹ/йӣ¶CATE
2025-10-29,0.36669636,2200000.510992106,жӯЈCATE
2025-10-30,0.41582456,-5.411473011485265,иҙҹ/йӣ¶CATE
2025-10-31,0.69148076,-999998.4439748343,иҙҹ/йӣ¶CATE
2025-11-03,0.21075225,-2100001.120243765,иҙҹ/йӣ¶CATE
2025-11-04,0.67202395,-0.3782363516671744,иҙҹ/йӣ¶CATE
2025-11-05,0.62310296,-1.0340445287371223,иҙҹ/йӣ¶CATE
2025-11-06,0.70385337,-1800000.1661118076,иҙҹ/йӣ¶CATE
2025-11-07,0.6912679,1300000.2760894522,жӯЈCATE
2025-11-10,0.25087902,3100000.194798423,жӯЈCATE
2025-11-11,0.3145973,-2.039332746413829,иҙҹ/йӣ¶CATE
2025-11-12,0.2764908,-1999999.1693998307,иҙҹ/йӣ¶CATE
2025-11-13,0.4326004,-3.714095751279314,иҙҹ/йӣ¶CATE
2025-11-14,0.24174997,18.32072365082903,жӯЈCATE
2025-11-17,0.20500827,0.5700488875869014,жӯЈCATE
2025-11-18,0.31545097,-2599998.2933742236,иҙҹ/йӣ¶CATE
2025-11-19,0.16290268,-1599999.725111481,иҙҹ/йӣ¶CATE
2025-11-20,0.22998774,-1600014.4570688235,иҙҹ/йӣ¶CATE
2025-11-21,0.24023333,3399908.6486073155,жӯЈCATE
2025-11-24,0.33380872,2199993.5742017874,жӯЈCATE
2025-11-25,0.36908734,-0.5260246295268647,иҙҹ/йӣ¶CATE
2025-11-26,0.28086072,-4700001.9280613605,иҙҹ/йӣ¶CATE
2025-11-27,0.22689037,-1600000.638925923,иҙҹ/йӣ¶CATE
2025-11-28,0.26006627,-2.2225298409179057,иҙҹ/йӣ¶CATE
2025-12-01,0.39054412,-3899999.5486084777,иҙҹ/йӣ¶CATE
2025-12-02,0.7255997,0.10181227791050056,жӯЈCATE
2025-12-03,0.8359607,-4.322241846900656,иҙҹ/йӣ¶CATE
2025-12-04,0.8806051,-1500002.084533721,иҙҹ/йӣ¶CATE
2025-12-05,0.822532,-1300003.2625852323,иҙҹ/йӣ¶CATE
2025-12-08,0.7592087,-2.2821272986038834,иҙҹ/йӣ¶CATE
2025-12-09,0.8673458,1.1812391605597232,жӯЈCATE
2025-12-10,0.6640692,-0.38973800255981894,иҙҹ/йӣ¶CATE
2025-12-11,0.17370923,1.203962793786783,жӯЈCATE
2025-12-12,0.8131566,-6399997.968106967,иҙҹ/йӣ¶CATE
2025-12-15,0.68612707,-4.137870091831267,иҙҹ/йӣ¶CATE
2025-12-16,0.39870983,-1800001.5446741262,иҙҹ/йӣ¶CATE
2025-12-17,0.47023708,0.23495045838895628,жӯЈCATE
2025-12-18,0.14700875,699999.7829610338,жӯЈCATE
2025-12-19,0.4340695,700012.4546930176,жӯЈCATE
2025-12-22,0.5833323,-11899995.80708221,иҙҹ/йӣ¶CATE
2025-12-23,0.41313833,-102699992.20766422,иҙҹ/йӣ¶CATE
2025-12-24,0.73203415,-87999987.51992261,иҙҹ/йӣ¶CATE
2025-12-25,0.75651526,-10800002.245903399,иҙҹ/йӣ¶CATE
2025-12-26,0.2387249,-2999999.9257592456,иҙҹ/йӣ¶CATE
2025-12-29,0.18518388,-5199997.141531115,иҙҹ/йӣ¶CATE
2025-12-30,0.41355485,-5.065739581093625,иҙҹ/йӣ¶CATE
2025-12-31,0.3668198,-2999998.6430073087,иҙҹ/йӣ¶CATE
2026-01-05,0.33273956,-2200005.7836378394,иҙҹ/йӣ¶CATE
2026-01-06,0.48938107,1700002.7288522357,жӯЈCATE
2026-01-07,0.5459445,2600000.794948607,жӯЈCATE
2026-01-08,0.71298903,-1.3186462959414706,иҙҹ/йӣ¶CATE
2026-01-09,0.62695765,-0.6344083823148601,иҙҹ/йӣ¶CATE
2026-01-12,0.53090096,0.7328231211489356,жӯЈCATE
2026-01-13,0.44659847,-0.7829598225060056,иҙҹ/йӣ¶CATE
2026-01-14,0.27584225,7999999.931528222,жӯЈCATE
2026-01-15,0.17277727,199999.77204182296,жӯЈCATE
2026-01-16,0.24380647,1200000.3918175593,жӯЈCATE
2026-01-19,0.21264079,-0.26605664699063497,иҙҹ/йӣ¶CATE
2026-01-20,0.2119115,-4800000.520776311,иҙҹ/йӣ¶CATE
2026-01-21,0.36304042,0.3596237045896396,жӯЈCATE
2026-01-22,0.22478396,-1400000.3120769446,иҙҹ/йӣ¶CATE
2026-01-23,0.175101,3599998.3986630817,жӯЈCATE
2026-01-26,0.18343937,-1200000.0948317405,иҙҹ/йӣ¶CATE
2026-01-27,0.5806444,-5399999.851016746,иҙҹ/йӣ¶CATE
2026-01-28,0.50826955,-6199998.564783654,иҙҹ/йӣ¶CATE
2026-01-29,0.40451512,-17600001.927850116,иҙҹ/йӣ¶CATE
2026-01-30,0.64088696,-133599985.00980246,иҙҹ/йӣ¶CATE
2026-02-02,0.5104469,-11000005.142484965,иҙҹ/йӣ¶CATE
2026-02-03,0.6319596,-6599996.06299363,иҙҹ/йӣ¶CATE
2026-02-04,0.60257345,4499999.9488492645,жӯЈCATE
2026-02-05,0.6295916,3000000.1778636035,жӯЈCATE
2026-02-06,0.6050739,-0.34402739595450316,иҙҹ/йӣ¶CATE
2026-02-09,0.64581317,-0.28553006214430954,иҙҹ/йӣ¶CATE
2026-02-10,0.599463,-1.1225980528203614,иҙҹ/йӣ¶CATE
2026-02-11,0.43046737,-1600000.1847034853,иҙҹ/йӣ¶CATE
2026-02-12,0.43721268,2.1821969614545935,жӯЈCATE
2026-02-13,0.41340926,-1799996.8864216423,иҙҹ/йӣ¶CATE
2026-02-24,0.3883248,-399995.49736818654,иҙҹ/йӣ¶CATE
2026-02-25,0.4798818,-4.624072002179517,иҙҹ/йӣ¶CATE
2026-02-26,0.32072338,-1599999.8727774601,иҙҹ/йӣ¶CATE
2026-02-27,0.43060374,-8799999.761297712,иҙҹ/йӣ¶CATE
2026-03-02,0.34098032,-2800003.54923749,иҙҹ/йӣ¶CATE
2026-03-03,0.4180015,1.5466072536593665,жӯЈCATE
2026-03-04,0.48455426,-3.786587878978573,иҙҹ/йӣ¶CATE
2026-03-05,0.45278108,-1700000.2604116427,иҙҹ/йӣ¶CATE
2026-03-06,0.8465862,-4299997.836949342,иҙҹ/йӣ¶CATE
2026-03-09,0.7479762,2200010.1313548456,жӯЈCATE
2026-03-10,0.70610136,-4100007.2501919866,иҙҹ/йӣ¶CATE
2026-03-11,0.85272896,-4400001.759955922,иҙҹ/йӣ¶CATE
2026-03-12,0.8094819,-5.68696181544853,иҙҹ/йӣ¶CATE
2026-03-13,0.7457642,2400000.83647983,жӯЈCATE
2026-03-16,0.6813334,2699988.8450548784,жӯЈCATE
2026-03-17,0.6101168,2600003.0261911806,жӯЈCATE
2026-03-18,0.52019006,2599996.6525153755,жӯЈCATE
2026-03-19,0.5647288,-0.8095776582687148,иҙҹ/йӣ¶CATE
2026-03-20,0.51421845,-0.2825258407745886,иҙҹ/йӣ¶CATE
2026-03-23,0.44894436,0.6243521307164649,жӯЈCATE
2026-03-24,0.25487486,-1.385865825196563,иҙҹ/йӣ¶CATE
2026-03-25,0.4582278,-1.6777106456330657,иҙҹ/йӣ¶CATE
2026-03-26,0.7300464,-15.859051014563141,иҙҹ/йӣ¶CATE
2026-03-27,0.7466465,-7.386497595151225,иҙҹ/йӣ¶CATE
2026-03-30,0.47598547,2600002.905364467,жӯЈCATE
2026-03-31,0.38710043,9.318504627623344,жӯЈCATE
2026-04-01,0.25051904,0.9876302578545518,жӯЈCATE
2026-04-02,0.54089093,3000002.6833891626,жӯЈCATE
2026-04-03,0.5540461,4799985.975138863,жӯЈCATE
2026-04-07,0.4954708,1.6796350252266643,жӯЈCATE
2026-04-08,0.22480857,-11099997.040218156,иҙҹ/йӣ¶CATE
2026-04-09,0.79989314,5100001.90189745,жӯЈCATE
2026-04-10,0.37895882,-1599999.8089502633,иҙҹ/йӣ¶CATE
2026-04-13,0.2804737,-0.43371929476459725,иҙҹ/йӣ¶CATE
2026-04-14,0.16896008,-6599999.958493267,иҙҹ/йӣ¶CATE
2026-04-15,0.26758683,3500001.9831240843,жӯЈCATE
2026-04-16,0.58419377,-999999.3013877252,иҙҹ/йӣ¶CATE
2026-04-17,0.7986499,-7.776795064850706,иҙҹ/йӣ¶CATE
2026-04-20,0.74246204,-1.7390117153633065,иҙҹ/йӣ¶CATE
2026-04-21,0.6467548,-1300002.103339826,иҙҹ/йӣ¶CATE
2026-04-22,0.7490052,499979.72493397107,жӯЈCATE
2026-04-23,0.696709,-3900006.6412905045,иҙҹ/йӣ¶CATE
2026-04-24,0.6373874,-4.607516271168641,иҙҹ/йӣ¶CATE
2026-04-27,0.4083382,1.483169639199222,жӯЈCATE
2026-04-28,0.28642842,-79599993.25485915,иҙҹ/йӣ¶CATE
2026-04-29,0.6432275,2600001.261536118,жӯЈCATE
2026-04-30,0.6424532,-0.12217563308009163,иҙҹ/йӣ¶CATE
2026-05-06,0.2502934,-1600000.0981011868,иҙҹ/йӣ¶CATE
2026-05-07,0.25010073,2300000.9226304647,жӯЈCATE
2026-05-08,0.16830415,-1499998.9446500004,иҙҹ/йӣ¶CATE
2026-05-11,0.20299949,-3799999.405016748,иҙҹ/йӣ¶CATE
2026-05-12,0.24766475,-1599999.8232414734,иҙҹ/йӣ¶CATE
2026-05-13,0.15941164,-0.0833587549481299,иҙҹ/йӣ¶CATE
2026-05-14,0.17023796,2499999.7592752334,жӯЈCATE
2026-05-15,0.16116554,0.2714554282984919,жӯЈCATE
2026-05-18,0.18756504,0.10728332583155219,жӯЈCATE
2026-05-19,0.25479388,-2799999.3143266924,иҙҹ/йӣ¶CATE
2026-05-20,0.24194571,-11199998.299280643,иҙҹ/йӣ¶CATE
2026-05-21,0.24440758,-0.11595939445160228,иҙҹ/йӣ¶CATE
2026-05-22,0.23748891,-4399999.027067741,иҙҹ/йӣ¶CATE
2026-05-25,0.22971843,0.20346428322666463,жӯЈCATE
2026-05-26,0.31185865,1299999.8923748084,жӯЈCATE
2026-05-27,0.44463155,-1599999.7289883045,иҙҹ/йӣ¶CATE
2026-05-28,0.44130084,1700001.8571322528,жӯЈCATE
2026-05-29,0.32443362,1300001.629621001,жӯЈCATE
