entropy,max_prob,accuracy,dominant_state
1.2643418684321988,0.4540844735517804,0.5248832596989651,0
1.203239203332917,0.48715275128592633,0.5469452209449752,0
1.123052158818717,0.5418413209867016,0.48,0
1.127311573908389,0.5820041123428448,0.4918084992537131,0
1.2654638296827792,0.3232498421122268,0.5472966164654454,0
1.058256157131018,0.6126398899966261,0.5459491708711297,0
1.2421780220266943,0.45735183622775044,0.5891984069502726,0
1.2455947809268977,0.45694819700304434,0.5838398182918361,1
1.3545603511767417,0.3139425685740549,0.543945152385787,2
1.3602505534840499,0.3251768312550982,0.5975385878337851,1
1.195868542042577,0.40860397248323627,0.5439003871510981,1
1.1936558282313836,0.5056088109660044,0.581057638495547,1
1.2317503876010611,0.41519042564788555,0.5097749885735076,1
1.331367964520287,0.3877486885360617,0.6364610662031375,0
1.3785027939983676,0.29926348393563446,0.6011231683299019,2
1.365890415383349,0.29168970558692753,0.5057200100563591,3
1.1339757813349902,0.4768789259564476,0.5830114836222756,0
1.109174748442645,0.5888023293125217,0.6379090710762816,1
1.1538640639013784,0.38773980358754,0.5513035994604568,0
1.2903245410286346,0.3268883613613073,0.49137443125444447,1
1.0521371631774388,0.6307332453701145,0.6280451127886878,1
1.0209152366711147,0.6261609405774524,0.5961508195536875,0
1.3422530098193435,0.3333150226351821,0.5202439252393858,1
1.278489050016701,0.3684991539671903,0.48548041371872086,1
1.1300627870733602,0.544220433373699,0.48,0
1.1560623546765871,0.49139264266838584,0.5699126482089726,0
1.3536863813091606,0.338344770496824,0.5534554900125819,3
1.1816883082235572,0.5197017385579186,0.5403448868583467,0
1.318110578989025,0.3708250881523322,0.5890114071171774,1
1.1761962496788576,0.4498267943340971,0.5178260992731882,2
1.2280218967020191,0.40499075459797096,0.48720122225209694,1
1.314999869167981,0.36751224767540097,0.5146138396780366,0
1.2270159151526934,0.36523269560282057,0.5360608167651364,1
0.8383333860142914,0.7019521275639787,0.6768274308293749,1
1.2215493069877597,0.48365125975953027,0.5028225695885832,0
1.1721374217923421,0.42612057677418774,0.6224514418501563,2
1.2833800814035565,0.3296814244620747,0.6243048912627114,2
1.191406084809968,0.48209322593660126,0.5472243791295569,3
1.2084623259408112,0.3952306471058633,0.6073605669097834,0
0.9336908635482224,0.4699886902046032,0.5614273074441181,0
0.8312780258705974,0.7420882696775061,0.6938714809641853,1
1.3056603633641761,0.3557014990078492,0.5726973096157402,3
1.3410252062938506,0.3583579917820837,0.5545760751850152,2
1.3452169151060636,0.34980970077283574,0.5095676911284873,2
1.2540321298797936,0.4887151039525276,0.48,0
1.3483819059819429,0.3183339052432455,0.48,1
1.27148538455186,0.3866635794921325,0.4976665372280069,1
1.2292440400813691,0.48183438637546816,0.490715118810682,2
1.2486098407369293,0.4329895831803004,0.5408503401031912,0
1.3145046221143055,0.3651736229677111,0.4971522278138918,1
1.2061105736381468,0.3513624914279037,0.5042382399378056,2
1.3296611621493697,0.3931070765108858,0.48,3
1.3580842067748655,0.32507856565346016,0.48,0
1.368954601963689,0.31088033743662324,0.5604272716890063,2
1.3118232448055274,0.4247615995921985,0.485726168984079,3
0.7511668170266121,0.7457125151722688,0.6345907676863094,1
1.1320607568290957,0.5192659987460863,0.541330816391005,2
1.2289509305672373,0.42312961821594086,0.5566515486985093,2
1.2895997682463665,0.42368110745323645,0.5472011072814289,1
1.3452737952704032,0.33276774873824994,0.48,0
1.2197440242948936,0.3359612194977182,0.59310828776057,3
1.3276147204454207,0.32553147153112044,0.5866086298045108,0
1.129730989904391,0.39634252224559385,0.5122446137060083,1
1.1329625774157852,0.44847371143825,0.5153230840005544,2
1.1361354329784852,0.5127711777419368,0.5406242117559618,1
1.300999764757023,0.39013671595903654,0.48371004391973416,0
1.2649747511143887,0.3791570838606441,0.5418025532701197,0
1.0621014648081757,0.6171728258453606,0.48450347191629384,0
1.2732644033789478,0.41013675549545114,0.48,0
1.2036919864476547,0.49609826320509676,0.6230393701177894,1
1.1252987066180884,0.5377771365244451,0.5194620505191788,0
1.216840610717055,0.4926577571083172,0.6049310245927929,2
1.2266973426508812,0.5034052648259681,0.5580377917626507,0
1.0905442545235335,0.5418227730913365,0.4841848234352054,0
1.2955273958100273,0.3781057021497869,0.5546584244537558,1
1.3263212364606243,0.4070648933470678,0.509233455076631,2
1.0766107921337276,0.5061937184010156,0.5553929197463093,0
1.0720781514625588,0.4708815229206124,0.5915585747910213,1
1.2776403443373519,0.4169164106159353,0.5511399450591272,1
1.2257271404663932,0.48393677662813606,0.5758954396734305,0
1.3709502365830613,0.3217530684673615,0.5627610751911004,1
1.342984258230803,0.332898531258516,0.5313163653022384,1
1.1882297782292959,0.4964977310219098,0.4812018624794653,0
0.791464867810489,0.620096140014197,0.626480565231587,0
1.1983927188716947,0.42556629700018217,0.6945699402645075,2
1.3324525145458677,0.35383225568837223,0.5497932852723131,3
1.3165008690268742,0.3320273634718995,0.6360607322496569,3
1.0147944474113622,0.5552834078549769,0.6635460009663459,2
1.0893023475671209,0.5692050365536755,0.5870518821395949,0
1.295376196285647,0.3521970797870674,0.5380004945876254,0
1.3581347154353391,0.3381829209864078,0.5052552249509781,0
1.0690926723066585,0.5827471444548274,0.49317429371682703,0
1.3637060347245138,0.3086240653700472,0.5065798857712727,3
1.2147823841346623,0.4796129171163223,0.6038130204579213,2
1.0828604565997875,0.6144916257940886,0.5466062934778683,1
1.303132630422319,0.373442859563716,0.5415693670618308,0
0.8352594096085074,0.5462595389747944,0.6816846956267015,0
1.3194736925984576,0.3401785403127621,0.48,2
1.323701950015518,0.396584157075394,0.49321302125693495,2
1.3360945347838182,0.39037323070474256,0.48,2
1.1849936610496132,0.44123256462365207,0.5096923746181847,1
0.898269731925471,0.5971842287186192,0.5588153871511286,0
1.1485541465719338,0.5659352997482565,0.5149788539832069,0
1.1776822723285725,0.40421682479088616,0.6236194933543774,0
1.322458063588566,0.3907438615665088,0.48,0
1.2841590332585806,0.43919723530784516,0.5320853263421668,1
0.9868062810733964,0.6266112583432571,0.5756975982725047,0
1.2099137721686675,0.4267855402099682,0.6034518667323138,0
1.2015034740813977,0.46325993345794836,0.6121902029724543,0
1.2036660693396408,0.46880874809633094,0.5892895530330582,1
1.1779405816373827,0.5125251135158475,0.5678882163878125,0
1.315334766979354,0.36530717076859814,0.5063378197638723,2
1.3368977198367578,0.3309579003344439,0.48,0
1.243788344958241,0.403113733384039,0.633132014603718,2
1.1777819283121067,0.40860589391680435,0.5146378962627183,0
1.233753292357519,0.4145763119314194,0.5716716408334155,1
1.3366894511876963,0.31173622054028,0.5654772256948967,2
1.1787194613776375,0.4266154610298882,0.5246208043475179,0
1.006654481848045,0.6367008410387363,0.6477301851575904,0
1.371844372727086,0.3119475904961896,0.5418333323226169,3
1.3213908565225323,0.3431092040067589,0.6027598848156986,0
1.172930157912336,0.5396087898016853,0.530379248547409,0
1.1014470991529381,0.4329994808194729,0.5076021463406949,0
1.215489036939621,0.3551680130129363,0.517826382115604,1
1.334221951238359,0.33442539730767457,0.5235646438681116,1
1.1498738334264558,0.5441992465861294,0.5625787053432978,2
1.112953160794921,0.5763731531125201,0.5493182840170511,1
1.295596594385851,0.4361417598596477,0.48,0
1.2638122468582043,0.40412740493771604,0.5544238803688482,1
1.3143612746708935,0.3525703778191576,0.6167538178758053,0
1.2578169889643815,0.45813365782825627,0.555626036629531,2
1.160371926029039,0.512630404034932,0.587474178921991,0
1.2207601798270904,0.4316152866170047,0.5703922230131643,0
1.066715606270919,0.5129852125626221,0.6005170439995394,1
1.026047997341552,0.620243661335358,0.637516183570983,2
1.183651690069287,0.44760259045059614,0.5709081735994842,0
1.2397523456422508,0.3889744781290251,0.5213407625389241,3
1.3824290773984285,0.2705958985456476,0.48,3
1.2774223735076875,0.3749258452315075,0.5150146235259035,3
1.0733167192255284,0.5305228328493808,0.5947044686715504,0
1.1728543491546022,0.4276621328414404,0.5380615647847449,2
1.2403616734634784,0.38498614896169125,0.5525377058445953,1
1.27807836987564,0.35886401665030543,0.5492551802883909,0
1.3592289132844804,0.31393758852272213,0.5484669242204777,3
1.1507585203605109,0.47851590046773507,0.6235844426063499,0
1.3138576449700554,0.33783513201668414,0.5221641264344214,0
1.0326331564958482,0.6149159634745468,0.5238813684928133,0
1.261036450882719,0.4275994010544039,0.5143453871396408,2
1.1374313837334145,0.415623551673518,0.5650127945858487,0
1.2864025460962454,0.449257993171283,0.48,1
1.0996998911890405,0.4957727849617148,0.6417697261844094,0
1.259535393224775,0.40154362545778594,0.5390984900285816,0
1.2595815894718063,0.4101120156013292,0.5510355720301371,1
1.185581353654671,0.5408872267518238,0.6189285914265311,2
0.9889959759172031,0.5448481496132109,0.5687810178516542,0
1.338319861432552,0.34780515325595146,0.5407893809185371,0
1.1566875696900514,0.5184811293685345,0.552454460865226,0
1.3504914263529413,0.34108610966255887,0.49980973956087854,1
1.2412991464900585,0.4771749623651859,0.49797444949949293,1
1.1959653490477413,0.5236921361858251,0.6313105713977034,2
1.217498286305577,0.5003303221821209,0.5238185520104804,1
1.0832876481315687,0.4505393746394812,0.6114536438673012,1
1.33167232638697,0.3922922044846047,0.48,1
1.2070945606931698,0.517388088790589,0.6042198197735907,2
1.057896521712177,0.5718250731261838,0.6355020011632234,1
1.2437163411800873,0.445667828461193,0.540845456314379,1
1.0915245137107155,0.5156934646380835,0.5630535799710479,3
1.2210216638128282,0.37853662452504555,0.5617039358293073,0
1.2536735819529812,0.3900632155391995,0.6478991776371796,3
1.367265400062353,0.3073971093438045,0.48,2
1.305488881100558,0.36268400395436257,0.5594781561659865,3
1.1907667700282167,0.41235795665171104,0.5037621361189855,1
1.2866676564317656,0.4545352900339893,0.5241330426834309,3
1.169189632957332,0.5497146364535835,0.542397011993687,1
1.1516554148917764,0.45905617017686207,0.5378023241506046,0
1.284653935999689,0.4102510032592656,0.5251141508199514,1
1.2876626414599035,0.36190400651189036,0.48,0
1.0415650877692304,0.5611887860002911,0.6384739930015173,0
1.2221582949971574,0.49407774842935015,0.48,0
1.2002000377702249,0.4049524823033348,0.5739494187430103,3
1.2710617229308017,0.4668179865921654,0.5127425159138821,2
1.3676321542162881,0.29841414388375426,0.48,0
1.1941064593409783,0.41373047734874385,0.5586189307690289,3
1.1067508608822176,0.5727238719263952,0.49270864474743176,1
1.2287390171790673,0.40200781007088515,0.541741070158256,0
1.3706167444056907,0.3085560878341567,0.48,0
1.2428485439218298,0.49609996491633973,0.5592564653615946,0
1.1150679052873953,0.3991860329598056,0.5222383597848816,1
1.2901803722916554,0.450070319591753,0.5016923351433237,1
1.3624174546724928,0.347779802974862,0.5207003464437605,0
0.9671712000575916,0.5417197428898995,0.5671715968671325,1
1.273479584771145,0.3451568404393134,0.5255606220180481,1
1.2141054632726818,0.4352918791402504,0.48,2
1.1973166205216443,0.42781132099174635,0.5792330080216959,1
1.245384913844565,0.47468316105626635,0.6237981427488121,0
1.266710148531614,0.3698101713889848,0.669778482041558,3
1.2813289325804327,0.3662912950791928,0.5310353455485821,1
1.225140538130736,0.34674459843266336,0.580074166984603,2
1.2967668897342821,0.3826906923705877,0.48,3
1.1595776370563646,0.41331877454103777,0.6323546695054221,0
1.3214808880585036,0.33686870627653676,0.555150386197842,1
1.0676820230903932,0.5607924555015292,0.5562240274340587,0
1.29057680648932,0.3529787579496622,0.58600098023979,2
1.2450213412575155,0.49752916355746346,0.5229204471721951,0
1.1610454536972352,0.38800932788016007,0.5339460846496489,0
1.2642989641332902,0.39343108201513677,0.5545435854675806,2
1.185301443284373,0.535297826405875,0.49755521794791563,1
1.2187488866518383,0.4756746550166138,0.5933590278408959,0
1.1761292155260523,0.47298047803728943,0.5002393504175852,0
1.1953545502988896,0.513356309591973,0.49568189195066464,1
0.7285192185195053,0.7528966997169723,0.620571511383529,0
1.0926252142153892,0.5059287236436727,0.6120977890087812,3
1.2871136684922435,0.36971992978573254,0.4941775807260347,1
1.3647104296013715,0.3050430210546513,0.48,2
1.3596309151314068,0.33231513120387607,0.48,1
0.9684021330654009,0.6654951220017524,0.6038857853430507,1
1.1279955644311428,0.47224556347460434,0.5061434944014742,0
1.2386389636491175,0.4991187853693481,0.48,1
1.1954270052986387,0.5309511968230396,0.6537311539658444,0
1.1695638612826877,0.5435393813640107,0.511668258753714,0
0.987396778481869,0.5262790702520331,0.584539822679451,1
1.120366744153192,0.47469550790660087,0.5487564712795397,0
1.218716494665837,0.46138748032980886,0.5212181278930013,1
1.1763936562729809,0.5149947847100159,0.5840394093022319,0
1.196370683723234,0.40767149959570986,0.5953352151836631,0
1.357622522560164,0.3414544829171325,0.49191582907504827,3
1.086016711320912,0.5598073991938276,0.5139674553475205,1
1.0192672125314546,0.5603429221135426,0.656366978668033,1
1.1916532207476682,0.4844704787981096,0.5443521265035878,0
1.2035117276981186,0.464102885759591,0.6326411144285342,2
1.2993060648496377,0.36451455896061424,0.48,1
1.32209310676721,0.348891045312193,0.5259545427713379,0
1.1766550914213356,0.4972328605094072,0.6488363791717702,1
1.2154971440070184,0.5019005120152072,0.5254356161604522,0
1.2952263011250251,0.3654013583111198,0.5116933169983311,0
1.2791928274127602,0.38253372795476015,0.5417918685213642,1
1.2604945735795148,0.3725880578066276,0.5037976197717973,2
1.2557630050314477,0.4274273198016733,0.5173284890362888,2
1.0416762084176683,0.5442473401685787,0.5700961596053082,1
1.3603979966506738,0.3495046084114341,0.48,1
1.349874748854769,0.3330468230934902,0.5706126154770318,2
1.3629763991591541,0.32518349483434805,0.5289156506285714,0
1.2187356123488178,0.406541066206917,0.5548125528581442,1
1.2576826313530165,0.37886842100042095,0.5728759490546926,2
1.250400725288457,0.39963018600796296,0.5210682173285551,3
1.1311993853427291,0.5812251378622217,0.5256729941259639,0
1.240491158937692,0.47279109535392855,0.5066568626376147,0
1.1254806944942817,0.4348952089936551,0.5659162507775575,0
1.2744370206669726,0.3420424704634019,0.48,0
1.2328633277139933,0.48063736629010684,0.5137009800472643,3
1.3074235000208712,0.39588133052407104,0.49408248227997315,0
1.177784773709395,0.41075219170776,0.6588486402067256,1
1.3617489725767937,0.32915150769381574,0.48,0
1.1763002729990206,0.5186227184852407,0.5440146645996298,1
1.245263109450021,0.391753802465083,0.6218678965339717,1
1.0749614077195822,0.4758480662567494,0.5846749492475471,1
1.3773588598638078,0.29269778113965217,0.5399011915941181,1
1.3497257297429783,0.3562288168978549,0.5141987295946975,0
1.2562360565501092,0.45920899243164226,0.49944597568216303,0
1.200388812578879,0.409156402857262,0.48,3
1.2857156373094014,0.3162643421181143,0.5356421223958971,0
1.3677366162557294,0.3088881226900273,0.48,3
1.3727971411400752,0.31757714595595066,0.48,2
1.1411964973831898,0.35782754490825835,0.536909648932012,1
1.3546202790797452,0.3082521161068331,0.5952146581880129,3
1.2560472600550545,0.44635038451321524,0.6531021911298129,0
1.2098977654608307,0.48359124416672394,0.555373008294541,1
1.2399232942834468,0.3981993311154192,0.5136930969609469,1
1.1494218843427297,0.4638957558255689,0.5009208608533624,0
0.9719145598979744,0.57512623390363,0.6280280584273294,2
1.125973011370547,0.47893059616168543,0.654848073514699,1
1.288391508663005,0.34773782231855105,0.5123266872673194,0
1.2876917245635509,0.4326151977796921,0.48,0
1.1453117805291302,0.47586986368988954,0.5943224264537642,1
1.3239805890484366,0.4077214311375282,0.5649777964076992,0
1.3466877103993447,0.3190803060042969,0.48,2
1.2843195572111923,0.36519461927183633,0.534546043839446,2
1.3428634563181383,0.33911119348817087,0.5335013717751854,0
1.3426286205291502,0.31036417572171304,0.5073439996148694,0
1.0638559519224422,0.5925801713394946,0.5418481993908726,0
1.2606790174958877,0.33306978833492645,0.5824877016037727,0
1.1049802599935281,0.5471664202548785,0.5508342712443417,0
1.2410994502512294,0.35269643266885264,0.48,3
1.2817232768085343,0.39734871218864,0.48,1
1.265340471384087,0.3728911474237279,0.5935563447706383,0
1.2992328336181844,0.40855149648622224,0.5527895766000852,3
1.2466412702373526,0.37173678025158413,0.5396339120887483,2
1.35030627821432,0.3619795816036667,0.4870470991688356,2
1.0526718653453746,0.5174219459135122,0.5577606974444361,0
1.2625604151255414,0.3720670017394651,0.48,0
1.3042041694299318,0.37587396891199576,0.4991283817294437,1
1.2335897157595193,0.4803987334498329,0.48,3
1.1038394877835764,0.49298261366082535,0.5344881097291797,0
1.1565703988319267,0.4451702209207192,0.5424303757019614,3
1.2138655756570178,0.4269632989703497,0.5740047803915292,1
1.14143519690865,0.561921882948251,0.5598024192595779,2
1.3777819951022496,0.288066265978714,0.5418696360949461,1
1.3478415600627405,0.31009696822475097,0.5771399035679059,0
1.3538511516963976,0.34489618713516856,0.5610742897129055,0
1.187963485111148,0.4208477612362078,0.573576295703533,2
1.1601676634908045,0.42490860269006164,0.5576621112275819,0
1.3354596648590318,0.39004252858636945,0.48,0
1.2344438713872923,0.48996145760006815,0.5753121615792629,2
1.2945336420653775,0.38571160024179707,0.6071302469348772,2
0.8747266386599472,0.6355792691894333,0.6462453548071881,2
1.1656398719202337,0.3890702383723829,0.6515502554185879,2
1.2871912644577137,0.40673073455599257,0.48,0
1.0640937908436519,0.5715895431777097,0.5236185240976235,1
1.1552416437560853,0.4889526003310747,0.6010728246074553,0
1.2784560533354898,0.4150055606014029,0.5404168227200509,3
1.2296473215715307,0.4443380609097427,0.6052151498982562,1
0.8563097646251138,0.5881587612449168,0.6330165519070435,0
1.1243218521048908,0.5448076016934126,0.5227209239998538,0
0.9174753713807766,0.5807265679736802,0.6076667525270623,1
1.1119844738514775,0.502773853765925,0.4926005642925583,2
1.2808855683742484,0.4180728307012892,0.48,1
0.9593557769050458,0.6554852346755237,0.6563942204963055,0
1.261610952217606,0.4717946125835281,0.5750949067187393,0
1.1599996480144994,0.5199376135506867,0.5752616137783662,2
1.3411077121807566,0.35403446801452754,0.48,3
1.1269353384167509,0.5511550338311417,0.5475396365398715,1
1.1304658318458325,0.4423530953535957,0.5033184057160056,1
1.3292153270461347,0.3144214653305581,0.5732127532218634,2
1.2549102286729665,0.47955492987737264,0.5039612966762534,1
1.3348551547541543,0.3152113378778867,0.48,2
1.3785120737492396,0.29944651776896286,0.5034289509175599,1
1.318948299607175,0.38834267763789093,0.484970692009677,2
1.1460594464183602,0.40721167062931773,0.634818360026314,0
1.3111515097815025,0.40518374296826537,0.4822064833825088,2
1.2104673753371002,0.5018851825486842,0.48,0
1.165701032033332,0.5529498860235412,0.48,3
1.2561099977759957,0.4162170358624784,0.5313051482336346,0
1.2055849492774997,0.4004400867239459,0.517505049759085,1
1.2029396344705137,0.45540792500425636,0.48,0
1.1975846215856794,0.4499701304329824,0.6070828832491727,2
1.2678041618496945,0.41690662375112697,0.5632540683219639,0
1.1217140053683268,0.4566966773699422,0.5653672570523903,1
1.3305537975189548,0.39080379379825253,0.5822644519974858,2
1.1363306582492907,0.42064151680245265,0.5962143903374859,0
1.1910022867301915,0.5333843609185409,0.5081407404799332,0
1.35293196579914,0.350072195937207,0.48,2
1.230380328560339,0.43555796274720804,0.5802400411749232,1
1.322201086364242,0.4059564548053455,0.5359754657351519,0
1.1872975666664611,0.389917407907902,0.558706329647335,0
1.2625944825173692,0.45264324323334637,0.48888231404110766,3
1.2239499734836592,0.372483377891733,0.5713619442597303,1
1.063034353060963,0.6154073179459558,0.5438192468899062,0
1.154979634382391,0.4557929236577378,0.5532795713024744,3
1.3579731222391827,0.3422748982893619,0.5794722349705725,2
1.1226895640101988,0.5783935009747361,0.5334901201639279,2
1.316060944809585,0.3651269805611565,0.48,0
1.3071928032387223,0.35543506310041056,0.48,0
1.221779387593257,0.3637899205674128,0.5912275590166933,0
1.3585682713449063,0.3428496435255421,0.5197113151740839,2
1.0420052835967901,0.632957552781805,0.580459957106384,2
1.1997881587734307,0.4725675972212945,0.5216104982666488,3
1.036205315017125,0.5924140461551243,0.6126362569318273,0
1.307020663954943,0.37646931266371864,0.48,0
1.1775329399852876,0.5495540120077055,0.5679676927072187,3
1.193685872628967,0.5087066715322114,0.5120432278422674,2
0.9804765472228184,0.66150533522607,0.5575562627710361,0
1.3764210452290846,0.29288621571105705,0.48,0
1.0402173104791175,0.5069802715902972,0.5685848994950728,2
1.2955187889506665,0.4211409961590488,0.5204526460443272,0
1.1719612994794597,0.47915956610419164,0.5658639889316763,0
1.3033250958571059,0.34934946314417237,0.48,2
1.2775381490514628,0.3820195129028218,0.48705154620667374,0
1.1664218545462146,0.439721017812738,0.5359113561411987,1
1.1951601369788833,0.5364829536593254,0.6234868208399007,0
1.0544794161024527,0.6298084791401493,0.5297540987939802,2
1.33745396856514,0.38654725734208106,0.5204457447854007,0
1.0746894814287447,0.5957113294308258,0.6534029002647155,1
1.0569450333432817,0.573090578596346,0.5174832584035957,0
1.2548707785344433,0.4725712841247548,0.5528561254229193,1
1.2133478547236949,0.3602980961454335,0.5035279058228703,1
1.3396729442109383,0.3808850830102206,0.48651395705166417,2
1.2881340665641168,0.41403848426483725,0.48460316654067276,0
1.27714454821343,0.37049967372617876,0.4909405890469871,0
1.3240783819097213,0.3149115454156843,0.6517787264865834,1
1.1424238183976638,0.4656773285819376,0.6037719187454798,0
1.2569179904945953,0.40971616714561826,0.5877273561605618,2
1.3371558336048144,0.3884375860589973,0.5369808643927254,2
1.2040211389354782,0.38013757520662556,0.48,1
1.1189451711572216,0.4639627543553463,0.587225153156,0
1.2034669154769373,0.42649430563880697,0.5997828190599466,1
1.2347016337129844,0.4120828317901389,0.49557990283443476,1
1.1671973161873361,0.4506592418349538,0.6035603918638693,0
1.377471286266744,0.30454253814285026,0.5374187418452481,0
1.2805574379731457,0.3555212100831973,0.6192737353217688,0
1.1732257235770749,0.5150706693463218,0.5328827937946519,0
1.2418709999461566,0.3614548507533909,0.4815591323541598,1
1.2692915699240321,0.43587990808199356,0.5114348494461859,0
1.170084760490382,0.5073150376179089,0.6263435566317128,0
1.3256781221517275,0.3582547589373766,0.48,2
1.2531833207460625,0.3984670252052966,0.48,1
1.041966765654483,0.5875031026857928,0.591383315392263,0
1.2877879406377217,0.34454824341083506,0.5027166370211191,1
1.2451678468533924,0.4767085689612973,0.5359936544288011,0
1.3186841574196144,0.3720538095527337,0.5643106967400221,0
0.8079393934079874,0.7481161234248269,0.6183747137309068,0
1.024462427508003,0.6097138545564277,0.4976829346038033,0
1.1449367703332134,0.5475062861353992,0.6631387071408897,3
0.9599777652997751,0.6691718515854529,0.5577535602235405,1
1.1984101105755416,0.4454398803885961,0.4944612761648292,1
1.336008991714475,0.38105679091061534,0.5678567571319749,3
1.2318865550001368,0.4667590198367057,0.5197362004106768,1
1.2907095178569163,0.34846499937550124,0.520938939297293,2
1.3309630406666544,0.324274568949669,0.5380843160875196,1
1.2689739881630564,0.4309152400893666,0.583775596368355,2
1.1685424543453076,0.4708034001543487,0.538281389577705,0
1.1969845765407663,0.42269611666663665,0.6237706660051556,1
1.0088683962377045,0.5433627040385168,0.48848057455859784,0
1.0705939094029127,0.531939731346798,0.6176748386279243,1
1.3373671992785185,0.37946440793206465,0.48,1
1.304380659306267,0.35965202093808973,0.5892701678149402,1
1.163692630246256,0.4750762105547491,0.5632811814747655,1
1.113044845588495,0.39663903677751705,0.5353217627139104,0
1.2076344036874973,0.5290872667677561,0.5782261428478941,2
1.144387307388923,0.5332226452058216,0.6057127806771097,2
0.9023114103351282,0.5655692446674327,0.654269873086957,0
1.383369548501601,0.27228534986973896,0.48,0
1.256487366560801,0.3409086613770038,0.5085483352345999,2
1.3634843908979266,0.3289810714530574,0.5055298441968485,1
0.9670129679488791,0.6501596556647697,0.6037756718913373,0
0.8717827059873686,0.7282946239517631,0.6673706408913791,0
1.2360443930086253,0.4251600343557414,0.48,0
1.3561525536354635,0.3220662615489948,0.52430105619975,3
1.315549961427712,0.33680740808464,0.5033373943841442,0
1.1650694154924746,0.4046747519494396,0.513906301863816,1
1.36559922763319,0.31878881583334806,0.48,2
1.3189837486010678,0.3735271870979976,0.5062425811001994,2
1.1646307120053647,0.5532571733365848,0.48,1
1.3738497064353643,0.30126943873265355,0.48,3
1.1433865372357692,0.4083215197731917,0.5175153067900209,0
1.3729027163554621,0.3127286772194556,0.5299946111750976,0
1.231014804982532,0.4699183329321352,0.4989044307166094,0
1.2965588682529237,0.3395925577046874,0.5118758379500375,0
1.152707732901745,0.45444403453883747,0.6360663683867445,1
1.0191166573913844,0.5395030171394435,0.6424005569712278,1
1.2604863734796208,0.36817129491730743,0.5768530511584852,0
1.3040902848661493,0.42651571935493054,0.49573629717881046,2
1.2723588152424279,0.40869800572422244,0.5558934193438014,3
1.196807859674078,0.37483389414090795,0.536122794972509,2
1.168486535944731,0.49954760939299603,0.5451638825538558,0
1.3186538607314473,0.4130220312611246,0.5375370249839084,2
0.9586902782939658,0.5059271493733785,0.5780903730896628,0
1.1754131928789682,0.4819058847572157,0.627869784972845,1
0.9540062029592795,0.6242883063623224,0.6011162288804005,1
1.0179660226466762,0.56658570644166,0.6238915333471302,1
1.1920172679276109,0.3910936505376746,0.62180728666302,1
1.3076984305086987,0.3923763498385704,0.5714015858348571,0
1.1636055284731417,0.4714479050905189,0.48575499474713113,0
1.3315056792910194,0.398072942874468,0.5360525936733835,3
1.3738052173225,0.28282469293413054,0.5456635477377236,1
1.2417230195249986,0.42928479161662836,0.5810701961894319,1
1.1711000012332513,0.4742496923628485,0.49864392687940495,3
1.3149589816986507,0.3882347986964981,0.4851339168743067,2
1.1546935974619088,0.5062411747175533,0.6081790373526372,1
1.3153960830637543,0.32085949531170904,0.48,3
1.0364026281148035,0.6087316775319301,0.5733336390877041,1
1.2778956102085406,0.380256660446159,0.6061376091123997,3
1.2868409305588062,0.3419148508464713,0.5226952499516223,3
1.2348532245677915,0.46354133347906074,0.5018728944319572,0
1.21298267017047,0.4784813758291028,0.4998528352153816,2
1.018217825477646,0.6465701630719943,0.6095458937538084,0
1.1157045573628328,0.46060971592905037,0.5016380776012146,1
1.3603724741842267,0.3199194451550592,0.49415241648533625,0
1.3610386681444464,0.3172096474847301,0.5230125339504759,3
1.1249637660915865,0.46399727075599084,0.6309151091310425,0
1.2491676299978491,0.4012506934825461,0.5679747575447205,0
1.358513444810668,0.34803922228352724,0.48,0
1.12878469576804,0.4695614491133215,0.623913836494796,1
1.249460362061954,0.39063151967598764,0.5195476896569658,1
1.2259693182319555,0.3924393065261609,0.48,0
1.3570088090636854,0.33706644210676545,0.49876643936215653,1
1.3526345330393503,0.3125800558074637,0.5803814294271604,3
1.190937825971377,0.5133403467671828,0.5575618137721725,0
1.016037657229856,0.6351043771987918,0.5940864917157148,0
0.8293155045757948,0.7160853730645874,0.7224665036314618,2
1.1701022553773444,0.4163237660684045,0.4829928473324375,1
1.3743053523808257,0.30001557739756246,0.48,1
1.085020307300516,0.4757962753578947,0.49525062842843576,1
1.249055529787614,0.4463611730885045,0.5532580670602666,0
1.296484020256235,0.4417373906612955,0.5309750827036712,0
1.067302548348732,0.6234943549770597,0.6576533317177823,0
1.3600169415771424,0.30255921782994544,0.5187827370536378,3
1.2422839490251163,0.39843261120930734,0.5161275578780339,1
0.9254191912517516,0.4962577065986156,0.6164304212205973,0
0.7473053420448338,0.7522485154505387,0.6671980587123246,0
1.2821228730078909,0.34998504253531715,0.48,3
1.3255595815482386,0.3625087923476396,0.6508257128418237,2
1.2851804923652412,0.43855489765048217,0.551498007829608,0
0.9064740741369693,0.694524589094208,0.6316245503235488,0
1.3106294703580106,0.32619649508513243,0.5498370373373953,0
1.294665094473094,0.3610589275454377,0.5585802364019189,2
1.0138230950026452,0.6195070852587525,0.586991879593223,0
0.9637993479567197,0.6768298154215483,0.5750880054251879,1
1.2168617969124198,0.4759366013034111,0.5727267956959797,1
0.8791634227819269,0.6253935224764489,0.6473053501216293,1
1.2841429156718214,0.3668293614143977,0.4852719299681628,3
1.2811471025185976,0.40718570207415256,0.5974746291012893,2
1.2230426956956946,0.35664232125649,0.5558612465205741,1
1.215050624765244,0.4769519051411896,0.5797025328004709,3
1.343369461253501,0.3585612017946431,0.5804083540400357,0
1.2265836268203159,0.4695563300977223,0.5413940351798088,0
1.2695510000231038,0.37216291668478063,0.5452983516935954,0
1.2774645494864998,0.4188566179299386,0.5679540191918331,1
1.1932381387195325,0.49271719506577727,0.5124759505393826,3
1.3417018969250623,0.3391074727279098,0.5139359365315622,3
1.3234829408402722,0.3899515573942877,0.5221108914879602,0
1.3025880929801446,0.42288507462708574,0.48,3
1.386192143240606,0.25566315750277224,0.6158818394336939,0
1.2889848412042295,0.4320595371355068,0.48,0
1.2375096272862744,0.5026676583116494,0.48,0
1.0496506451285412,0.6205924359508542,0.6506847755858924,2
1.1070068304280967,0.49085115574913474,0.6061548818080982,0
1.2337461335178754,0.4167035274596977,0.4871928901449417,0
1.1730236322546568,0.47984564386851714,0.5841874212638217,0
1.0913898681864513,0.4392943357328662,0.6478272222098151,0
1.3433881818399855,0.3232844325587406,0.5092944300106395,3
1.2288066626862812,0.5052125909439517,0.6696794442450142,2
1.1899395591818713,0.4140187371845955,0.48,2
1.0845128842463339,0.5269102378666825,0.6108622440432476,0
0.9946902142306824,0.5250340528505028,0.6571768365177568,2
1.3575835387097377,0.33694256991350985,0.5517905887740079,0
1.3343813201762362,0.38973280739723365,0.5028639413062371,2
1.3377588396069051,0.33485017250732096,0.49770686281446946,1
0.9780946986689025,0.6719313517550785,0.6252478841246263,0
1.229850796808585,0.34951854427650125,0.5802623898889133,0
1.2931587944719025,0.41744573840971216,0.553613685249719,0
1.3290651174245434,0.331752732123745,0.5664269115369663,2
1.2120381334038135,0.3670119153590739,0.49302869152899587,1
1.2368538045271915,0.40999346341013043,0.5263179254345208,3
1.182762205203713,0.4333550920637813,0.5043632791895831,0
1.3183548759753339,0.33888469233218976,0.49782260972791975,1
1.3630548319150004,0.31608053517175544,0.5566029900983781,0
0.8960087689292457,0.6865619930686555,0.6291657184809044,0
1.0404273520693088,0.5579354269108303,0.7176451965232621,1
1.3451926064674815,0.33630553835283544,0.5200223016257067,0
1.3451906012267316,0.30851190418012947,0.5133370835989447,0
1.2775810297017447,0.3679959848781208,0.5327323931199376,0
1.3038039606202991,0.3561692392064967,0.4889117781366079,1
1.2988056836646937,0.42933639962314263,0.5191723983559491,3
1.3353252279918097,0.3520499902235575,0.569232801474312,0
1.3030782398007086,0.3598354129415073,0.5266839836167458,2
1.184634501130339,0.5131695204146058,0.5112183528360831,0
1.2160630424393615,0.4069236854981769,0.4967017080720959,1
1.3093164371504418,0.4187061259541178,0.4969002716222585,3
1.270887688373413,0.34216430242702406,0.5328064222899586,0
1.2730525640670465,0.43092952786708705,0.5882459673393645,1
1.371952454565904,0.32060368190535277,0.48,2
1.0890121337496832,0.460529641966196,0.5590437408265216,0
1.087292146348649,0.5398618839905515,0.5826848357406111,1
1.222442299599269,0.5025717043650524,0.48,1
0.9437908239054298,0.6589435494367398,0.5700221053172708,0
1.2322299024049528,0.48757791755057545,0.5048795376040615,0
1.1664676081644536,0.36816306361285533,0.5156797839739944,0
1.2450665282878093,0.39231327050924536,0.545227318970995,0
0.9403949055882536,0.6065556054849398,0.6045314752534373,0
1.3832756024205766,0.2819126637166132,0.48,2
1.3824306447122212,0.27753639582792533,0.5223478730292814,2
1.3223332486783768,0.40551271030680835,0.6022774840984361,1
1.0958402702176777,0.579837923249736,0.6552738426781243,0
1.0501170778979843,0.6223607496744493,0.4887170884712993,0
1.0304618636818663,0.5566881352333778,0.6186720362061336,2
1.240248973838615,0.4690480169132535,0.5279480627412239,0
1.0922056702728826,0.4791748076900254,0.5819864850309318,1
1.018386455175929,0.6201983336583389,0.5729531982428414,0
1.2848528472975822,0.397408517000578,0.5314666156037292,0
1.1470949405287514,0.42419788548886994,0.567940082153517,0
1.2220678833208967,0.4852472821501459,0.5124921874566357,0
1.1883733571031132,0.4455969836724413,0.5051289372618618,3
1.2563088891716268,0.38224983724757283,0.5103594710852395,0
1.002141733494649,0.533679898004346,0.6086819469719791,1
1.3022495110966,0.3812870079042475,0.5511445132117777,0
1.3159010228130934,0.32540380094929994,0.5604152713962245,2
1.1414422375129685,0.4280470066100328,0.5370874635909599,0
1.3253065354327267,0.33318690166105347,0.5295652506670379,1
1.3055216856303344,0.42711768789952853,0.5684936335610394,0
1.3749622604701095,0.28521651720093355,0.5611151806589604,2
1.3056769375436952,0.41661088528751067,0.5173876616624701,1
1.333311251578117,0.3672302664468374,0.5023053232787817,1
1.172901596424445,0.4239071158026328,0.5634099950577659,3
1.2172044626651075,0.45826236007153603,0.4851823679736583,3
1.1756323055427207,0.44302467497222087,0.5434838303877859,1
1.075283181197193,0.45371655153303164,0.6157308012989601,1
1.0216602277059939,0.5419368949424204,0.6241381107494718,0
1.3358664163751115,0.3407477875360535,0.4991933751106487,2
1.3253637058682182,0.4031697121988362,0.5262444973787422,0
1.2729831371891076,0.387727647045666,0.48735165316074475,2
1.1059518972326359,0.5546131671135504,0.6059325370251726,0
1.3010419966651185,0.35165519492043273,0.5176085099407318,1
1.2121938875048928,0.43843360900958844,0.5301352904056948,0
1.123223459142175,0.5495421908845614,0.5483108368347257,0
0.8535800439334883,0.741381261739941,0.631334668456681,0
1.2810152974186912,0.4286814267869157,0.5041622457888794,1
1.2188281136483439,0.3893752376734233,0.5751649373769175,0
1.1752450985804341,0.4320717546049611,0.5334978945212397,2
1.1730331251425328,0.43912087852367765,0.6334687784484786,1
1.0281872470320146,0.5968588606126718,0.6636532707137167,0
0.9995776226333364,0.5559602235085046,0.5530392222473457,0
1.281667660383391,0.3145116087853607,0.5298766262192676,2
1.363701893702629,0.30954847864893137,0.48,0
1.156536410635133,0.4376873121789465,0.5416534550483716,1
1.1180465091278333,0.38708699472095204,0.6678255314220249,3
1.2494845222700586,0.4100555037486181,0.5191387704615792,0
1.2727424581968931,0.35518064204752037,0.5466562411279265,1
1.2844154891498896,0.41106238503177517,0.5527636774775827,2
1.3197246240743787,0.3599113316967614,0.48,1
1.2054423591317445,0.39282795450018865,0.5028827843529885,1
1.169132173679569,0.4404227943841174,0.4945044072845883,2
1.0371439374020524,0.6126361867808195,0.5438327318591913,0
1.3260470454335356,0.3994253619060993,0.48,0
1.0890225894472825,0.5664693989283912,0.6022615347989461,0
1.317124922438075,0.38299960889040185,0.6201484918704359,0
1.262027070166222,0.33640927036334983,0.5387415072224483,0
1.0366406939181163,0.6161613411296947,0.517444889659831,0
1.3660452958777773,0.3182930472136139,0.48,2
1.161586953785126,0.4337336345705932,0.5337667780568709,0
1.2022811668287243,0.4330260773039251,0.49555648944585495,0
1.2916607377922227,0.3638805260295136,0.5668773900600663,1
0.7357543119497254,0.7835355310290858,0.7047422124778915,0
1.3593085505980393,0.2979868297261705,0.48,1
1.129697867933901,0.5263616269289271,0.6010163557710578,0
1.232619776444216,0.39336494107893255,0.6151161583763155,0
1.349243821711008,0.3277955420173319,0.60445700118038,1
1.242182555274129,0.3748141522068587,0.6796216179397744,0
1.2770908591416585,0.45073120579797143,0.4824473779627446,0
1.3067404718463738,0.35510375788586923,0.6612717936474493,2
1.2057711412870762,0.38982248490871535,0.5278442243596025,0
1.190395436653288,0.470274344196274,0.519813486514111,3
1.2121488717906013,0.38359522035751925,0.5602978477633237,1
1.2488562674895574,0.45349496933550404,0.5055729028189508,0
1.2938034954866744,0.3555306998540404,0.5432794397479019,0
1.2907660521678048,0.3572478621964734,0.48,0
1.0662243232688293,0.45537778678734453,0.5688511245699843,2
1.2919614800935162,0.4323043100200229,0.5880714353597257,1
1.3704586093014686,0.29722831354508145,0.5011194993370968,1
1.196706658386132,0.4981175578766106,0.5549230266706185,1
1.2651093211329332,0.34715196109379315,0.5543351621911073,0
0.9780519678159827,0.6346665264941824,0.6615844961598584,0
1.1901521727333786,0.4355484995967765,0.48,0
1.0330323231415584,0.6353827284979258,0.6183956136561299,0
1.2759032001897752,0.42062080402153373,0.5144399257778111,2
1.3322519359369982,0.3299147692316929,0.5219512711618018,0
1.110877136589052,0.5167197363347478,0.622511863188453,0
1.1779507955280706,0.41386687162993774,0.49286957725427505,1
0.9163715496138639,0.6977762993651788,0.5679928967984103,0
1.3672439008790809,0.3178908600093234,0.48,2
0.9888695274687668,0.5086889789309238,0.572862139270868,1
1.2976880161890452,0.3701971641465992,0.588868046333472,0
1.3180124773288047,0.4025545437845199,0.5111853414282188,1
1.1809132638856232,0.5081547920802394,0.48482467066761115,0
1.2978139678741392,0.38016151526268604,0.49803069031339375,0
1.3509600288765014,0.32277213513325925,0.48,3
1.3718545257094814,0.3034755584090599,0.48,2
1.0621175090338084,0.6197575870786798,0.6012666307368908,0
1.3498862884202132,0.3536161571159972,0.48,0
1.3387468757512395,0.36074196898214034,0.5676111826826665,1
1.3381128214822888,0.3542579823389847,0.508583545401502,2
1.3364854717051249,0.3611716912914164,0.5168301850913855,0
1.1234650408275408,0.5571444167042594,0.5524173832390054,2
1.2986988267812052,0.35480777730581753,0.5607336012231798,1
1.1531698621364865,0.4763326051672425,0.5979938482667826,0
1.1063389294991142,0.543070960444906,0.5874129253360307,2
1.2301958190305855,0.4811364003814844,0.5676270061048017,0
1.2088549533308752,0.5066341398470487,0.5341714278168972,0
1.3801878943026624,0.29719936022465043,0.5286261646574131,2
1.2426341331422197,0.41234224873265046,0.5193531090032361,1
1.3669609446547795,0.31276514573761777,0.5049672712358277,3
1.1297029953411855,0.5481233390038214,0.5510288214600233,0
1.3584858260237032,0.32600754309693225,0.48413464797882816,0
1.1426087712714454,0.5688832363550719,0.5270468364585736,0
1.153788793465058,0.5544754763061845,0.5820640849453474,2
1.2986745879586414,0.4075427114600956,0.5876276250030217,3
1.1927800706805989,0.4044547536846875,0.6073897610262678,1
0.9315905041504986,0.6715346473551259,0.5519542144463261,1
1.3537097469555706,0.333495592582203,0.5726616409103256,2
1.2635570138311853,0.3782829691645218,0.5150562493321502,1
1.1244717455857467,0.5547363005777798,0.5961184992411812,1
1.3022666110545822,0.33325826243324963,0.48,0
1.1609669530915632,0.5342018890121512,0.5639661601315833,0
1.0337717063024292,0.5987768460968325,0.6046688831703935,0
1.1510894988652056,0.4232739996728249,0.48513088572321306,1
1.1188694628451303,0.5407459220352072,0.5979097285676478,0
1.1325678710588094,0.45817188058818337,0.6313344061357349,1
1.3407691199706593,0.347261518907536,0.5027364731910573,1
1.3113648238265754,0.4204623891340882,0.5869015750841723,3
1.077460656106115,0.5847734787852564,0.5684670155198093,2
1.2979825677841872,0.34919272553078917,0.5647512842611356,3
1.1596532257681897,0.5533475964464958,0.48,1
0.9516480093349965,0.6444259901749005,0.730657045722362,1
1.1082973467188184,0.6011721248433779,0.6449386387502856,0
1.1446223321620235,0.5132421780641176,0.5467627466404815,0
1.1446743992653365,0.464952171081279,0.48,0
1.2407016076527932,0.48545599944709716,0.5511363600350494,1
1.341081426394835,0.36061136443765857,0.48,2
1.19949206817203,0.40984938640222135,0.5693826253999023,1
1.1062992687497772,0.5403070772332348,0.5912485076511287,0
1.1415264344407603,0.5731001055018822,0.5147055473909052,0
1.2771085517604703,0.37579255792468247,0.5835908944018866,0
1.0949510848212807,0.5974813792131701,0.6138142626238682,0
1.1344026493752846,0.4950067181109237,0.6123655589734781,2
1.235905762200882,0.458794918035678,0.5383887310175842,2
1.1514554729037387,0.5147189275218343,0.4884925170972375,0
0.9801674398759795,0.5726420060184122,0.6514108922364487,0
1.3358519089745782,0.3726872387916044,0.4991918483492327,1
1.280370563830922,0.4395831990847321,0.48,0
0.9857313018497009,0.674641285251834,0.6687144260270881,1
1.3475762531165132,0.3323879104769221,0.6147205117543875,0
1.3693618707447117,0.3176618461716784,0.5021870732514456,0
1.1580342407638107,0.416715028025422,0.6655637034351782,0
1.1878403891418383,0.5369335300581983,0.554647620297167,0
0.8721831203374167,0.7317292212425923,0.6107594711920266,0
1.3199763437208385,0.3958921521434691,0.4851959210274533,0
1.211980166538828,0.38571034116159464,0.6258409458501684,1
1.0414747496504995,0.5631652517333856,0.5480305866198614,0
1.2614370707226408,0.38545224277752865,0.5682629048760428,2
1.0975973289740293,0.497130743666667,0.544909184884428,0
1.3048093179207212,0.4129762482092136,0.49753303173534014,2
1.2177279634288696,0.40100327272327735,0.5940480474785895,1
1.3379887612676538,0.34605449280689976,0.49316904162308817,1
1.0407929212984317,0.6026884341053449,0.566970166728915,1
1.1434356129685086,0.42312038877437724,0.6179338917370757,1
1.0736480608311993,0.5992312390503356,0.658784197985437,1
1.3140444684628174,0.4030391830136223,0.5504510745644039,0
1.2628675596757706,0.3680042002906062,0.4983997660835182,1
1.0889637800372043,0.5979048520144028,0.549516838597005,1
1.1227987352351718,0.5456407791391246,0.5705000304716136,0
0.963234446633818,0.6502204739774,0.6228391974094267,1
1.291273116462738,0.4143741794882755,0.48,2
1.016324265060134,0.5929452602861818,0.6295399297956642,1
1.2595903708231109,0.4074364559632651,0.5362413795775217,1
1.0900235865879433,0.5421725688641028,0.4889942568096375,1
1.1684206992251382,0.5248212609626065,0.5085388420944176,1
1.20665139611657,0.3940123890830576,0.520125854341001,2
1.2181310738778015,0.4931467846856291,0.5387908968802612,0
1.2243533202464685,0.3908992363717208,0.6353266645598954,0
1.364353549455804,0.3364125411353525,0.517422597298832,3
1.2653502513668982,0.42874875946941177,0.48847280492544226,3
1.2067142751524131,0.3851334067002504,0.5563479518954985,2
0.9867957059921122,0.5407246839551542,0.5832393186882695,1
1.166550666231627,0.39598307168065944,0.5716952432910989,0
1.073671061860447,0.5985221754957446,0.6079369101405248,1
1.2603738473560993,0.3404283298574477,0.5922294252715045,1
1.1961163114993985,0.5031644226386981,0.5467779693828028,1
0.5928351085512865,0.8307246521475956,0.7822629419530377,0
1.244954641232836,0.3580292448398302,0.5810622252371399,0
1.2586061370408037,0.37983997853379037,0.49684224528812115,1
1.071009886009024,0.6227290024026787,0.6900732300306609,1
1.1351479317669066,0.5206864639652572,0.5797359412356008,1
1.2759878023652043,0.4108890082725283,0.4860692963169114,0
1.2693560037896061,0.38483504277983055,0.6121456385535439,2
1.261385193431877,0.46043636308362507,0.6354014171473001,0
1.1274970076566329,0.5567726223675287,0.5636667361230648,3
1.0132210076377743,0.5399147784342622,0.5689890620384976,2
1.3829176876225553,0.282373899191949,0.4922080202430548,3
1.2951135804769012,0.40345189286914196,0.558733035405508,1
1.293334874800733,0.4396589692217318,0.5873383876209811,3
1.2717951609223364,0.4608818441787219,0.5574084891423678,1
1.336610069070364,0.30132201356483795,0.5176051506979206,0
1.0098342250655947,0.4719888471981782,0.6699272931489022,3
1.2506184523566495,0.4150333117679517,0.5185892113743974,0
1.3644101358806806,0.3142017525665948,0.5570457113896647,2
1.155675094781394,0.43271689333268426,0.5438001671449838,0
1.3775073733110295,0.278451119373926,0.523743967626276,0
1.0802863232621327,0.5576951949001999,0.5715601085478876,0
1.1916351556498714,0.4223606187535884,0.54633113319183,1
1.1611209402254246,0.5522209264997904,0.5379589583149353,2
1.1424060007026182,0.5156681653778996,0.6287963254951974,0
1.262266150634121,0.4340976590412685,0.4946438028782224,0
1.1573539663581225,0.49076592315679135,0.5207677957319489,0
1.2684949654234308,0.46524544165528897,0.6357670680761198,3
1.256949713457918,0.36346327556737845,0.581524831565046,0
1.1799919819646698,0.5421615810520687,0.48,0
1.334361412319336,0.29742052303750266,0.4848238172177538,1
1.171387944797762,0.5315932028915635,0.48,0
1.1679641041785442,0.4944582449782087,0.5075659173438929,0
1.1319903364171575,0.5008452656103651,0.48,3
1.252788173644434,0.3915664962805531,0.5268337226731375,0
1.2012374393003638,0.475010681467294,0.4896021683724273,0
1.3036037043254287,0.35982861906905866,0.5238480383812677,1
1.1312073015868538,0.5066472378881302,0.4831251233250292,1
1.226909326840435,0.42428061375046877,0.544362950700851,0
1.2519711276853314,0.35780917164529236,0.5131436837898251,1
1.0574069589065007,0.4423298653287135,0.6581127014597153,2
1.0103690470670097,0.6012525771354763,0.6654595103804258,0
1.1022157826785652,0.5070199599549416,0.6109685422600791,0
1.2172275717218204,0.4125143416712637,0.5263312177739744,1
1.3500992721056653,0.34704413818256835,0.6083821177983977,2
1.2949645195695054,0.433716825349131,0.48,1
1.3098768936796135,0.41187586178691943,0.48,1
1.1753404217348622,0.5222462337018529,0.5490488487605578,2
1.3357456462172814,0.3422193962417751,0.6254391540621729,3
1.325098146730535,0.3744305384360199,0.5053086930737907,2
1.3244308123309858,0.4094723135497679,0.506431871685824,1
1.17798523292285,0.49918646047984105,0.4804746969128794,0
1.3287359906852334,0.4040253701699924,0.5618035975533171,1
1.1561437358917397,0.4268397278708603,0.6057437924681727,0
1.2130659394962755,0.48051274055749227,0.5831664384356801,0
1.1902939988878967,0.5231979170353593,0.5180013376874536,3
0.9553472740629297,0.6356719629884262,0.5734487900641877,1
1.301671230398662,0.37684192015238427,0.48,1
1.2464504250527084,0.4571589733945488,0.5394770463686092,3
1.3330594679472727,0.33344733233339496,0.48,2
1.2338168068063664,0.46095549685024206,0.48,3
1.2331243408962638,0.44278762806901567,0.5174635917475692,3
1.1026054511156973,0.42021440623506917,0.547145065869469,1
1.188204776635716,0.4343271144240602,0.5230909531362846,0
1.2322865609720626,0.4425853125751344,0.5621818886971421,2
1.1778175334544452,0.4353468254114184,0.55656494730659,2
1.3020138554221226,0.38741371544397574,0.5068463953620362,0
1.184707446019074,0.45690902575078135,0.5600235678726796,2
1.1631151103796398,0.37951622342666896,0.5067484236131774,2
0.7703043206355646,0.7367845725722403,0.6607696011438301,0
1.2434495780431,0.43912339646440357,0.5435712305327413,1
1.303556782186464,0.42118069496161487,0.48,1
1.3122597252065014,0.3541052925102018,0.5684519023886601,0
1.3257090931574296,0.39118868650149585,0.48,1
1.2972084074639558,0.4052968826442943,0.5269830156014779,1
0.6608474093535492,0.8218789789564362,0.74136305980617,1
1.043073116806406,0.5667644217908275,0.6329180464530734,0
1.1523613136119333,0.5224468271033463,0.5607566739250117,0
1.1998188335602429,0.4550389998893299,0.5289324933035506,0
1.1878273901318528,0.48504148402886016,0.5974607614186513,0
1.113944938860388,0.4313032739386368,0.6024745134300841,3
1.2687421322660821,0.33870981087963037,0.4987367315639067,3
1.3124144691099047,0.4137871703944278,0.48,0
1.3138515599270606,0.33530114284738294,0.48,0
1.3826954350451528,0.2854075865416484,0.5085844768086214,0
1.191089583394826,0.399770182319164,0.5451266067483072,1
1.2017272883911458,0.465957539646911,0.6033851459435069,1
1.0942979177886347,0.4820373900807668,0.5916532004645678,0
1.2908542881299385,0.37698434908713296,0.590783338525323,1
1.2231219847686823,0.4302979155668131,0.506305413590801,3
1.3348620056130565,0.3713633091367592,0.569867875801062,2
1.333990918687128,0.37041813487995157,0.48673448125264834,3
1.3262271376308963,0.370671663872864,0.554020382312876,0
1.2989192389666464,0.41382299213744217,0.48,1
0.8166843609673289,0.745025244058665,0.6555519269648733,1
1.2160963181008062,0.3922259286917281,0.48,0
1.331504398495101,0.35078949815892707,0.5004512480142824,1
1.3573959043487382,0.3192158296513899,0.529288469234251,2
1.2813072834856762,0.36086532239028846,0.5004339768390403,2
1.2259981674563876,0.4569352326320487,0.48792553546459616,0
1.2038939848264258,0.5206110407265497,0.588334430952801,1
1.0569183095364196,0.5542633752890495,0.5779652929092733,1
1.159196477455607,0.5352479699778333,0.5328356599212757,1
1.3727191503657892,0.30017706520379794,0.505496595389199,0
1.2795757181325427,0.38396404052706984,0.6587530648657857,3
1.3242932212154874,0.38178874211001396,0.5733040167504364,3
1.2423525599923506,0.46374756613898954,0.5944467756611608,0
1.1432354109681304,0.4604589990992584,0.5831215218809648,1
1.1628080464060089,0.5238557017229003,0.5647265699565582,0
1.2122785256237405,0.5251500838811201,0.48,1
1.3333149441522723,0.3754249026502579,0.48,2
1.186011912820054,0.39547772168098616,0.5265148356490337,2
1.0961263799460863,0.5809366069707603,0.48,3
1.1895944443475663,0.5371706317299151,0.49176821251942543,0
1.2218492608059084,0.473149084299042,0.48,0
1.2422342423685704,0.4919448068299259,0.53443177451324,1
1.2746727793418924,0.43828011454768867,0.5690958505491216,1
1.2434209211888678,0.4200182494083505,0.591387067397999,2
1.2301188111196835,0.40220449760264915,0.5601462176600127,1
1.1538355080859377,0.4846688593222407,0.5104979677061969,3
0.98482544353306,0.5494277000518138,0.5047379201946876,1
1.3041902341992355,0.31635654158509724,0.48,0
1.2719430080758947,0.39120669920614376,0.48,1
1.3152925155835677,0.4100940764585081,0.48,0
1.3160646885642566,0.3328500261352207,0.5097190736233039,3
1.1693454856529228,0.5035614694735923,0.5040434557552882,0
1.0810343690803281,0.5718663684832627,0.5939981571956046,0
1.0887242003605166,0.41612155101549875,0.5634940799542346,1
1.1072660281801925,0.5322881348411563,0.5709534099502449,0
1.1956293368944535,0.4928177110448162,0.6051277781393313,1
1.2013366232306308,0.42551462866661177,0.48766262964518214,3
1.3429769118283157,0.36407496412986357,0.5318466534729354,0
1.3470820226422526,0.3568641797639793,0.5091762626811785,0
1.2234350320543277,0.48624309066622673,0.5244202695508898,3
1.0440453552774989,0.4488696319197383,0.6306515438766096,2
1.2750594394867534,0.4506340739990273,0.5720106318181118,2
1.2709224048470402,0.39024582520542994,0.48177994519890777,1
1.3203983862299715,0.32799829117576157,0.5075042529254313,3
1.2106221373153723,0.34606895037424484,0.5583902987170934,1
1.2305316642627824,0.4860991186172943,0.525652415761844,0
1.239837037783597,0.4985186229542214,0.566204303696085,1
1.3430695617070167,0.3794584024572975,0.5249476322628481,0
1.316989740828343,0.344723418980136,0.609100993863792,1
1.1963572232217747,0.49356721786202373,0.48,1
1.1347976464848621,0.4752475310483347,0.55735285970296,1
1.2076290868648658,0.4144391622604984,0.4996603050670753,1
1.1173776954904981,0.45487520276393767,0.5980783997338479,0
1.1952359106432346,0.45664203103201895,0.48,1
1.0507412319341924,0.6008773172600214,0.6020137197773776,1
1.139803740336093,0.5750530824408897,0.5307082477377626,1
1.1971796042202525,0.40873966081856244,0.5110157298159513,0
1.1333702765798304,0.354247973958609,0.491510145996641,2
1.2622501719072297,0.46724297122548547,0.5080403419463372,1
1.3722142040692895,0.3224085377004937,0.5577543198623817,0
1.1268315185025721,0.5010190456464633,0.5642265946550684,0
1.1989736639327373,0.43227307010562366,0.5786548614314344,0
1.2240522588749623,0.5136357508805482,0.6241708309437936,2
1.361938816993176,0.29510909334816876,0.5193115076347667,3
1.3775571592014801,0.29692330222081165,0.48,2
1.1353241832071448,0.53380291462764,0.586704324561128,1
1.1584474299556415,0.5541849441259151,0.5302885121471933,1
1.087988849792446,0.5100371001473049,0.550072289777698,1
1.3086429368034103,0.37422543541937,0.48,1
1.3659867736173126,0.3030232180498086,0.5514145333701614,1
1.1591066767001637,0.555406777791912,0.5380367373054779,0
1.203253509620753,0.49013394508497876,0.5552951335232293,0
1.1096523316323064,0.5758087129990634,0.5180255095790298,0
1.0082389202125763,0.6542662604670506,0.6172268850397044,0
1.1442605537535568,0.4475311641136474,0.5229883054670021,1
1.36576120727859,0.2926679719277836,0.4980731760319769,2
1.1056432335152073,0.5398137932899355,0.6147271657548801,0
0.9173957542315931,0.6412987592355311,0.6579044828027968,1
1.1260855458366508,0.4849361998434607,0.5645728760301792,1
1.307649268581244,0.4184337588957623,0.48,0
1.2497317800698335,0.37963130371978177,0.6840954396368635,1
1.2208934379560892,0.4842836356265652,0.6290292598408368,0
1.1287936404031487,0.4990516047269083,0.6011243534278754,1
1.0117628759409987,0.4914604057355681,0.5568795500135446,0
1.3513924564523299,0.3145581768377613,0.5031069735120408,2
1.37080198919231,0.2991394349926398,0.48,0
1.327996147043168,0.3917387484205496,0.5778867185503394,2
1.0906217907596614,0.45526731887458644,0.5877537765636105,0
1.293196306750541,0.44348367504084146,0.48427234903301924,0
1.2777257962910145,0.33993390960357855,0.5038489400394542,0
1.1654179163518568,0.5197300795388703,0.611802746742598,2
1.2436533065172297,0.4474702816443587,0.6159945587782851,0
1.296077154369952,0.34940378035318126,0.599169734191338,1
1.050854789925112,0.6160024338634004,0.6225210152333805,1
1.0528806251067375,0.5280974879426181,0.571526664910244,0
1.3323546877857253,0.3678384709206743,0.48,3
1.0415119586140449,0.4670873970264733,0.6018863869791745,3
1.0647982415147994,0.4503265615337311,0.5810573884687289,1
1.0244705572007629,0.5452560336748087,0.5983302782982495,1
1.2946273250461207,0.36435681145188703,0.5258140911362863,0
1.2116420602110176,0.47898545113711477,0.48,0
1.3093225663791412,0.32116633020177787,0.5472792464776269,2
1.3655284057069565,0.32493828901508176,0.5368282079455492,0
1.0358171694838276,0.5659214480012892,0.6225832036196668,0
1.022405279149683,0.5043024678778097,0.6391814862311034,2
1.0925739366024625,0.581627609241731,0.6043383164763341,0
1.1503706800028055,0.47917964390410506,0.5390411494961102,0
1.100236984061192,0.5697362108199308,0.568659047070226,2
1.0689989820943055,0.6176401651667563,0.5846444237369067,0
1.2203540004499496,0.4837315178921903,0.5472574864929861,1
1.1190568455708036,0.5237029640374112,0.6173599407378813,0
1.0575199782544136,0.446434178357109,0.6151699545680656,0
1.1870048386540188,0.43331242552745597,0.6541600241961752,0
1.0635149792731842,0.5111101722426302,0.6917962866086326,2
1.215679696686768,0.44196730069143464,0.5470352092914129,0
1.25018226201757,0.39640749281473003,0.48,0
1.2975319269762096,0.3994686847366145,0.5842274634251762,2
1.1430749230121924,0.5731485216780821,0.5343659106260187,1
1.2143629769211493,0.44337816187401924,0.5033109929712122,1
1.2453898294127401,0.3860858925392064,0.5156289475887704,0
1.006373764212998,0.5169887066028351,0.5735682849167536,1
1.1057095723271577,0.48944707088287837,0.6014326047950174,0
1.2304119171700867,0.49781192799965635,0.48,2
1.2962891512919286,0.4391081057244545,0.48,0
1.2002278177870567,0.4563307389955701,0.564112106628085,1
1.2735245862140783,0.44038021234880026,0.559594661096578,0
0.8476288097643235,0.7272932849944858,0.6680590726482429,0
1.1676128377439186,0.5334892539475335,0.5158373294176845,1
1.385829155617265,0.25807136886582704,0.48,0
1.3187046227573125,0.32404859330956687,0.49170819919061287,0
1.1808179781875447,0.5161527537607914,0.5638486117742614,0
1.1980911717668932,0.44693684062210426,0.6217675296684091,1
1.0702016963082455,0.4389584559633352,0.48,0
1.075987029877285,0.48438001001959,0.5672873285985903,1
1.2887876928286528,0.44647991070168935,0.48,1
1.3176308732296604,0.3567486847886505,0.48,3
1.152337944453345,0.4429453250542821,0.6073937372484917,3
1.2125774659540007,0.5033480631686894,0.5710672418971788,0
1.228436187917644,0.461321170942692,0.5623035163053878,1
1.1300508174155741,0.509808339944415,0.6107244792325695,0
1.3742098080768148,0.2889853296578396,0.48,1
1.0553223461658017,0.5590784593373997,0.5619095217744661,2
1.3332750407959395,0.3326493463089428,0.6226475832313149,0
1.254790833097662,0.4223082183270798,0.5208489968599939,3
0.9935545594352319,0.6550921334948662,0.6358937671219771,1
1.2625649732198183,0.47681656974090286,0.5315337320426178,0
1.2367455506409781,0.4710691934954224,0.48,0
1.2617277836185996,0.3945266569552775,0.48,2
1.2832341366479467,0.36746449425709715,0.4970466817680498,3
1.3199243542546548,0.3513375652866939,0.569537033153511,3
1.2694229536382027,0.4107678175392194,0.5688976646398518,1
1.2604315276078097,0.4464967962397054,0.577457187420368,1
1.1958929508334188,0.4234960718687088,0.4986963816097536,1
1.3203716634444134,0.34171341872416655,0.5974126538672342,2
1.294408405607996,0.40225725052104877,0.48,1
1.1807846958746115,0.42751197080583775,0.5625045975530175,0
1.017673475872544,0.6485062755300816,0.5925297557467297,1
1.0299078377505935,0.4986239944945842,0.5812646221442233,1
1.3244505448792123,0.3544421241750484,0.582518758485045,0
1.3064602865073351,0.3656707447166159,0.4848759903855307,1
1.1164985498057887,0.5713855819923707,0.500614739889514,0
